StationUniqueId,Name,FareZones,LiftUniqueId,LiftId,FriendlyName,FromAreas,ToAreas,LimitedCapacityLift,LiftNotes
910GACTONML,Acton Main Line,3,910GACTONML-Lift-1,1,Lift A,910GACTONML-1001003-AC-S-6,910GACTONML-1001003-RPL1-2,False,
910GACTONML,Acton Main Line,3,910GACTONML-Lift-2,2,Lift B,910GACTONML-1001003-AC-S-6,910GACTONML-1001003-RPL2-5,False,
910GBRENTX,Brent Cross West Station,3,910GBRENTX-Lift-1,1,Lift 1,910GBRENTX-1002310-EntW-7,910GBRENTX-1002310-FB-8,False,
910GBRENTX,Brent Cross West Station,3,910GBRENTX-Lift-2,2,Lift 2 ,910GBRENTX-1002310-RLY-5,910GBRENTX-1002310-RPL4-10|910GBRENTX-1002310-RPL3-4,False,
910GBRENTX,Brent Cross West Station,3,910GBRENTX-Lift-3,3,Lift 3 ,910GBRENTX-1002310-RLY-5,910GBRENTX-1002310-RPL2-3|910GBRENTX-1002310-RPL1-2,False,
910GBRENTX,Brent Cross West Station,3,910GBRENTX-Lift-4,4,Lift 4 ,910GBRENTX-1002310-EntE-6,910GBRENTX-1002310-EML-11,False,
910GBRENTX,Brent Cross West Station,3,910GBRENTX-Lift-5,4,Lift 5,910GBRENTX-1002310-EML-11,910GBRENTX-1002310-FB-8,False,
910GBROCKLY,Brockley,2,910GBROCKLY-Lift-1,1,Lift 1,910GBROCKLY-1001035-Brdge-7,910GBROCKLY-1001035-RPL-N-6,False,
910GBROMLYS,Bromley South,5,910GBROMLYS-Lift-1,1,Lift 1,910GBROMLYS-1001037-Con-71,910GBROMLYS-1001037-RPL E-2,False,
910GBROMLYS,Bromley South,5,910GBROMLYS-Lift-2,2,Lift 2,910GBROMLYS-1001037-Con-71,910GBROMLYS-1001037-RPL W-3,False,
910GBRTWOOD,Brentwood,9,910GBRTWOOD-Lift-1,1,Lift B,910GBRTWOOD-1000292-FBdg-7,910GBRTWOOD-1000292-RPL-1-1,False,
910GBRTWOOD,Brentwood,9,910GBRTWOOD-Lift-2,2,Lift A,910GBRTWOOD-1000292-FBdg-7,910GBRTWOOD-1000292-RPL-2-2,False,
910GBNHAM,Burnham,Outside,910GBNHAM-Lift-1,1,Lift A,910GBNHAM-1000860-UP-4,910GBNHAM-1000860-RPL E-1|910GBNHAM-1000860-RPL W-2,False,
910GCATFORD,Catford,3,910GCATFORD-Lift-1,1,Lift 1,910GCATFORD-1001053-Entr-4,910GCATFORD-1001053-RPL N-1,False,
910GCATFORD,Catford,3,910GCATFORD-Lift-2,2,Lift 2,910GCATFORD-1001053-Entr-4,910GCATFORD-1001053-RPL S-2,False,
910GCHDWLHT,Chadwell Heath,5,910GCHDWLHT-Lift-1,1,Lift C,910GCHDWLHT-1001055-FBdg-6,910GCHDWLHT-1001055-RPL1-2,False,
910GCHDWLHT,Chadwell Heath,5,910GCHDWLHT-Lift-2,2,Lift A,910GCHDWLHT-1001055-FBdg-6,910GCHDWLHT-1001055-RPL2-5,False,
910GCHDWLHT,Chadwell Heath,5,910GCHDWLHT-Lift-3,3,Lift B,910GCHDWLHT-1001055-FBdg-6,910GCHDWLHT-1001055-RPL3-7,False,
910GCLDNNRB,Caledonian Road & Barnsbury,2,910GCLDNNRB-Lift-2,2,Lift 2,910GCLDNNRB-1001043-RLY-4,910GCLDNNRB-1001043-RPL-2,False,
910GCMDNRD,Camden Road,2,910GCMDNRD-Lift-1,1,Lift 1,910GCMDNRD-1001045-Subwy-70,910GCMDNRD-1001045-RPL W-3,False,
910GCMDNRD,Camden Road,2,910GCMDNRD-Lift-2,2,Lift 2,910GCMDNRD-1001045-Subwy-70,910GCMDNRD-1001045-RPL E-2,False,
910GCNNB,Canonbury,2,910GCNNB-Lift-1,1,Lift 1,910GCNNB-1001048-Entr-2,910GCNNB-1001048-RPL 1-1,False,
910GCNNB,Canonbury,2,910GCNNB-Lift-2,2,Lift 2,910GCNNB-1001048-Entr-2,910GCNNB-1001048-RPL 2-3|910GCNNB-1001048-RPL 3-4,False,
910GCNNB,Canonbury,2,910GCNNB-Lift-3,3,Lift 3,910GCNNB-1001048-Entr-2,910GCNNB-1001048-RPL 4-5,False,
910GCOLSDNS,Coulsdon South,6,910GCOLSDNS-Lift-1,1,Lift 1,910GCOLSDNS-1001072-BRIDG-5,910GCOLSDNS-1001072-RPLN-2,False,
910GCOLSDNS,Coulsdon South,6,910GCOLSDNS-Lift-2,2,Lift 2,910GCOLSDNS-1001072-BRIDG-5,910GCOLSDNS-1001072-RPLS-4,False,
910GCRLN,Charlton,3,910GCRLN-Lift-1,1,Lift 1 ,910GCRLN-1001058-FBdg-7,910GCRLN-1001058-RPL-W-3,False,
910GCRSHLTN,Carshalton,5,910GCRSHLTN-Lift-1,1,Lift 1,910GCRSHLTN-1001051-FOT-7,910GCRSHLTN-1001051-RPLE-5,False,
910GCRSHLTN,Carshalton,5,910GCRSHLTN-Lift-2,2,Lift 2,910GCRSHLTN-1001051-FOT-7,910GCRSHLTN-1001051-RPLW-2|,False,
910GCTMSLNK,City Thameslink,1,910GCTMSLNK-Lift-1,1,Lift 1 ,910GCTMSLNK-1001067-UGLH-6,910GCTMSLNK-1001067-RPL-N-2,False,
910GCTMSLNK,City Thameslink,1,910GCTMSLNK-Lift-2,2,Lift 2,910GCTMSLNK-1001067-UGLH-6,910GCTMSLNK-1001067-RPL-S-7,False,
910GDALS,Dalston Junction,2,910GDALS-Lift-1,1,Lift 1,910GDALS-1001568-RLY-6,910GDALS-1001568-RPL-2,False,
910GDARTFD,Dartford,8,910GDARTFD-Lift-1,1,Lift 1,910GDARTFD-1001082-Entr-4,910GDARTFD-1001082-FBdg-5,False,
910GDARTFD,Dartford,8,910GDARTFD-Lift-2,2,Lift 2,910GDARTFD-1001082-RPL1-1,910GDARTFD-1001082-FBdg-5,False,
910GDARTFD,Dartford,8,910GDARTFD-Lift-3,3,Lift 3,910GDARTFD-1001082-RPL2-2,910GDARTFD-1001082-FBdg-5,False,
910GDENMRKH,Denmark Hill,2,910GDENMRKH-Lift-1,1,Lift 1,910GDENMRKH-1001083-RLY-6,910GDENMRKH-1001083-RPL1-2,False,
910GDENMRKH,Denmark Hill,2,910GDENMRKH-Lift-2,2,Lift 2,910GDENMRKH-1001083-RLY-6,910GDENMRKH-1001083-RPL23-4,False,
910GDENMRKH,Denmark Hill,2,910GDENMRKH-Lift-3,3,Lift 3,910GDENMRKH-1001083-RLY-6,910GDENMRKH-1001083-RPL4-5,False,
910GDEPTFD,Deptford,2,910GDEPTFD-Lift-1,1,Lift 1 ,910GDEPTFD-1001084-RPL-W-1,910GDEPTFD-1001084-Entr-4|910GDEPTFD-1001084-UP-5,False,
910GDEPTFD,Deptford,2,910GDEPTFD-Lift-2,2,Lift 2 ,910GDEPTFD-1001084-RPL-E-2,910GDEPTFD-1001084-UP-5,False,
910GEDMNGRN,Edmonton Green,4,910GEDMNGRN-Lift-1,1,Lift 1,910GEDMNGRN-1001092-RLY-5,910GEDMNGRN-1001092-RPL-S-4,False,
910GEDMNGRN,Edmonton Green,4,910GEDMNGRN-Lift-2,2,Lift 2,910GEDMNGRN-1001092-RLY-5,910GEDMNGRN-1001092-RPL-N-2,False,
910GELTR,Elstree & Borehamwood,6,910GELTR-Lift-1,1,Lift 1,910GELTR-1001096-FBdg-8,910GELTR-1001096-RPL-S-2,False,
910GELTR,Elstree & Borehamwood,6,910GELTR-Lift-2,2,Lift 2,910GELTR-1001096-FBdg-8,910GELTR-1001096-RPL-N-3,False,
910GELTR,Elstree & Borehamwood,6,910GELTR-Lift-3,3,Lift 3,910GELTR-1001096-FBdg-8,910GELTR-1001096-RPL3-4,False,
910GESTFLDS,Mitcham Eastfields,3,910GESTFLDS-Lift-1,1,Lift 1,910GESTFLDS-1001555-Fbdg-11,910GESTFLDS-1001555-EntG-10,False,
910GESTFLDS,Mitcham Eastfields,3,910GESTFLDS-Lift-2,2,Lift 2,910GESTFLDS-1001555-Fbdg-11,910GESTFLDS-1001555-EntL-8,False,
910GFORESTH,Forest Hill,3,910GFORESTH-Lift-1,1,Lift 1,910GFORESTH-1001112-BRBG-8,910GFORESTH-1001112-RPL-N-2,False,
910GFORESTH,Forest Hill,3,910GFORESTH-Lift-2,2,Lift 2,910GFORESTH-1001112-BRBG-8,910GFORESTH-1001112-RPL-S-6,False,
910GFRSTGT,Forest Gate,3,910GFRSTGT-Lift-1,1,Lift A,910GFRSTGT-1001111-Crdr-7,910GFRSTGT-1001111-RPL1-2,False,
910GFRSTGT,Forest Gate,3,910GFRSTGT-Lift-2,2,Lift B,910GFRSTGT-1001111-Crdr-7,910GFRSTGT-1001111-RPL2-3,False,
910GFRSTGT,Forest Gate,3,910GFRSTGT-Lift-3,3,Lift C,910GFRSTGT-1001111-EntF-8,910GFRSTGT-1001111-RPL3-4,False,
910GGIDEAPK,Gidea Park,6,910GGIDEAPK-Lift-1,1,Lift C,910GGIDEAPK-1001115-FBdg-7,910GGIDEAPK-1001115-RPL-1-2,False,
910GGIDEAPK,Gidea Park,6,910GGIDEAPK-Lift-2,2,Lift B,910GGIDEAPK-1001115-FBdg-7,910GGIDEAPK-1001115-RPL-3-4,False,
910GGIDEAPK,Gidea Park,6,910GGIDEAPK-Lift-3,3,Lift A,910GGIDEAPK-1001115-FBdg-7,910GGIDEAPK-1001115-EntS-3,False,
910GGODMAYS,Goodmayes,4,910GGODMAYS-Lift-1,1,Lift A,910GGODMAYS-1001117-FBdg-7,910GGODMAYS-1001117-RPL2-4,False,
910GGODMAYS,Goodmayes,4,910GGODMAYS-Lift-2,2,Lift B,910GGODMAYS-1001117-FBdg-7,910GGODMAYS-1001117-RPL4-5,False,
910GGOSPLOK,Gospel Oak,2,910GGOSPLOK-Lift-1,1,Lift 1 ,910GGOSPLOK-1001119-Subwy-70,910GGOSPLOK-1001119-RPL-H-6,False,
910GGOSPLOK,Gospel Oak,2,910GGOSPLOK-Lift-2,2,Lift 2,910GGOSPLOK-1001119-Subwy-70,910GGOSPLOK-1001119-RPL-S-2,False,
910GHACKNYC,Hackney Central,2,910GHACKNYC-Lift-1,1,Lift 1,910GHACKNYC-1001127-RLY-6,910GHACKNYC-1001127-RPL W-4,False,
910GHACKNYC,Hackney Central,2,910GHACKNYC-Lift-2,2,Lift 2,910GHACKNYC-1001127-RLY-6,910GHACKNYC-1001127-RPL E-2,False,
910GHAKNYNM,Hackney Downs,2,910GHAKNYNM-Lift-1,1,Lift 1 ,910GHAKNYNM-1001128-IENT-8,910GHAKNYNM-1001128-RPL-1-2,False,
910GHACKNYW,Hackney Wick,2,910GHACKNYW-Lift-1,1,Lift 1,910GHACKNYW-1001129-EntrW-3,910GHACKNYW-1001129-RPL W-2,False,
910GHACKNYW,Hackney Wick,2,910GHACKNYW-Lift-2,2,Lift 2,910GHACKNYW-1001129-EntrE-6,910GHACKNYW-1001129-RPL E-4,False,
910GHAGGERS,Haggerston,2,910GHAGGERS-Lift-1,1,Lift 1,910GHAGGERS-1001569-RLY-4,910GHAGGERS-1001569-RPL-N-2,False,
910GHAGGERS,Haggerston,2,910GHAGGERS-Lift-2,2,Lift 2,910GHAGGERS-1001569-RLY-4,910GHAGGERS-1001569-RPL-S-3,False,
910GHANWELL,Hanwell,4,910GHANWELL-Lift-2,2,Lift B,910GHANWELL-1001135-NEnt-3,910GHANWELL-1001135-RPL-2,False,
910GHANWELL,Hanwell,4,910GHANWELL-Lift-1,1,Lift A,910GHANWELL-1001135-BHS-5,910GHANWELL-1001135-RPL1-6,False,
910GHAYESAH,Hayes & Harlington,5,910GHAYESAH-Lift-1,1,Lift A,910GHAYESAH-1001144-FB-6,910GHAYESAH-1001144-RPL1-2,False,
910GHAYESAH,Hayes & Harlington,5,910GHAYESAH-Lift-2,2,Lift B,910GHAYESAH-1001144-FB-6,910GHAYESAH-1001144-RPL23-4,False,
910GHAYESAH,Hayes & Harlington,5,910GHAYESAH-Lift-3,3,Lift C,910GHAYESAH-1001144-TH-8,910GHAYESAH-1001144-EntrS-7,False,
910GHAYESAH,Hayes & Harlington,5,910GHAYESAH-Lift-4,4,Lift D,910GHAYESAH-1001144-FB-6,910GHAYESAH-1001144-RPL45-5,False,
910GHERNEH,Herne Hill,2|3,910GHERNEH-Lift-1,1,Lift 1,910GHERNEH-1001149-RLY-5,910GHERNEH-1001149-RPL-2,False,
910GHERNEH,Herne Hill,2|3,910GHERNEH-Lift-2,2,Lift 2,910GHERNEH-1001149-RLY-5,910GHERNEH-1001149-RPL-6,False,
910GHMPSTDH,Hampstead Heath,2,910GHMPSTDH-Lift-1,1,Lift 1,910GHMPSTDH-1001131-Entr-2,910GHMPSTDH-1001131-RPL W-1,False,
910GHMPSTDH,Hampstead Heath,2,910GHMPSTDH-Lift-2,2,Lift 2,910GHMPSTDH-1001131-Entr-2,910GHMPSTDH-1001131-RPL E-3,False,
910GHONROPK,Honor Oak Park,3,910GHONROPK-Lift-1,1,Lift 1,910GHONROPK-1001154-RLY-5,910GHONROPK-1001154-RPL-N-4,False,
910GHONROPK,Honor Oak Park,3,910GHONROPK-Lift-2,2,Lift 2,910GHONROPK-1001154-RLY-5,910GHONROPK-1001154-RPL-S-2,False,
910GHOXTON,Hoxton,1|2,910GHOXTON-Lift-1,1,Lift 1,910GHOXTON-1001570-RLY-6,910GHOXTON-1001570-RPL-N-2,False,
910GHOXTON,Hoxton,1|2,910GHOXTON-Lift-2,2,Lift 2,910GHOXTON-1001570-RLY-6,910GHOXTON-1001570-RPL-S-5,False,
910GHRLDWOD,Harold Wood,6,910GHRLDWOD-Lift-1,1,Lift C,910GHRLDWOD-1001137-FBdg-8,910GHRLDWOD-1001137-RPL-1-2,False,
910GHRLDWOD,Harold Wood,6,910GHRLDWOD-Lift-2,2,Lift A,910GHRLDWOD-1001137-FBdg-8,910GHRLDWOD-1001137-RPL-2-4,False,
910GHRLDWOD,Harold Wood,6,910GHRLDWOD-Lift-3,3,Lift B,910GHRLDWOD-1001137-FBdg-8,910GHRLDWOD-1001137-RPL-4-5,False,
910GIVER,Iver,Outside,910GIVER-Lift-1,1,Lift A,910GIVER-1000955-FBdg-5,910GIVER-1000955-RPL1-1,False,
910GIVER,Iver,Outside,910GIVER-Lift-3,3,Lift B,910GIVER-1000955-FBdg-5,910GIVER-1000955-RPL2-2,False,
910GIVER,Iver,Outside,910GIVER-Lift-4,4,Lift C,910GIVER-1000955-FBdg-5,910GIVER-1000955-RPL3-3,False,
910GKENR,Kensal Rise,2,910GKENR-Lift-1,1,Lift 1,910GKENR-1001161-Bridg-6,910GKENR-1001161-RPL E-2,False,
910GILFORD,Ilford,4,910GILFORD-Lift-1,1,Lift A,910GILFORD-1001157-FBdg-8,910GILFORD-1001157-RPL1-2,False,
910GILFORD,Ilford,4,910GILFORD-Lift-2,2,Lift B,910GILFORD-1001157-FBdg-8,910GILFORD-1001157-RPL2-4,False,
910GILFORD,Ilford,4,910GILFORD-Lift-3,3,Lift C,910GILFORD-1001157-FBdg-8,910GILFORD-1001157-RPL3-5,False,
910GLANGLEY,Langley,Outside,910GLANGLEY-Lift-1,1,Lift A,910GLANGLEY-1000957-FB L-7,910GLANGLEY-1000957-RPL3-5,False,
910GLANGLEY,Langley,Outside,910GLANGLEY-Lift-2,2,Lift B,910GLANGLEY-1000957-FB L-7,910GLANGLEY-1000957-RPL2-2,False,
910GLANGLEY,Langley,Outside,910GLANGLEY-Lift-3,3,Lift C,910GLANGLEY-1000957-FB L-7,910GLANGLEY-1000957-RPL1-1,False,
910GMANRPK,Manor Park,3|4,910GMANRPK-Lift-1,1,Lift A,910GMANRPK-1001189-FBdg-7,910GMANRPK-1001189-RPL1-2,False,
910GMANRPK,Manor Park,3|4,910GMANRPK-Lift-2,2,Lift B,910GMANRPK-1001189-FBdg-7,910GMANRPK-1001189-RPL2-3,False,
910GMANRPK,Manor Park,3|4,910GMANRPK-Lift-3,3,Lift C,910GMANRPK-1001189-FBdg-7,910GMANRPK-1001189-RPL3-4,False,
910GMDNHEAD,Maidenhead,Outside,910GMDNHEAD-Lift-1,2,Lift 1,910GMDNHEAD-1000964-SP-5,910GMDNHEAD-1000964-RPL2-2,False,
910GMDNHEAD,Maidenhead,Outside,910GMDNHEAD-Lift-2,3,Lift 2,910GMDNHEAD-1000964-SP-5,910GMDNHEAD-1000964-RPL3-3,False,
910GMRYLAND,Maryland,3,910GMRYLAND-Lift-2,2,Lift C,910GMRYLAND-1001190-FBdg-7,910GMRYLAND-1001190-RPL2-4,False,
910GMRYLAND,Maryland,3,910GMRYLAND-Lift-1,1,Lift B,910GMRYLAND-1001190-FBdg-7,910GMRYLAND-1001190-RPL1-2,False,
910GMRYLAND,Maryland,3,910GMRYLAND-Lift-3,3,Lift A,910GMRYLAND-1001190-LEntr-8,910GMRYLAND-1001190-RPL3-6,False,
910GORPNGTN,Orpington,6,910GORPNGTN-Lift 1,1,Lift 1,910GORPNGTN-1001220-RPL1-2,910GORPNGTN-1001220-FBdg-9,False,
910GORPNGTN,Orpington,6,910GORPNGTN-Lift 2,2,Lift 2 ,910GORPNGTN-1001220-RPL2-6,910GORPNGTN-1001220-FBdg-9,False,
910GORPNGTN,Orpington,6,910GORPNGTN-Lift 3,3,Lift 3 ,910GORPNGTN-1001220-RPL3-7,910GORPNGTN-1001220-FBdg-9,False,
910GPCKHMQD,Queens Road Peckham,2,910GPCKHMQD-Lift-1,1,Lift 1,910GPCKHMQD-1001233-Entr-3,910GPCKHMQD-1001233-RPL-2,False,
910GPURLEY,Purley,6,910GPURLEY-Lift-1,1,Lift 1,910GPURLEY-1001229-RLY-7,910GPURLEY-1001229-RPL-2,False,
910GPURLEY,Purley,6,910GPURLEY-Lift-2,2,Lift 2,910GPURLEY-1001229-RLY-7,910GPURLEY-1001229-RPL-4,False,
910GPURLEY,Purley,6,910GPURLEY-Lift-3,3,Lift 3,910GPURLEY-1001229-RLY-7,910GPURLEY-1001229-RPL-5,False,
910GPURLEY,Purley,6,910GPURLEY-Lift-4,4,Lift 4,910GPURLEY-1001229-RLY-7,910GPURLEY-1001229-RPL-8,False,
910GRDNGSTN,Reading,Outside,910GRDNGSTN-Lift-1,1,Lift 1,910GRDNGSTN-1000972-FBdg-8,910GRDNGSTN-1000972-EntC-93,False,
910GRDNGSTN,Reading,Outside,910GRDNGSTN-Lift-2,2,Lift 2 ,910GRDNGSTN-1000972-FBdg-8,910GRDNGSTN-1000972-RPL1-1,False,
910GRDNGSTN,Reading,Outside,910GRDNGSTN-Lift-3,3,Lift 3,910GRDNGSTN-1000972-FBdg-8,910GRDNGSTN-1000972-RPL46-2,False,
910GRDNGSTN,Reading,Outside,910GRDNGSTN-Lift-4,4,Lift 4,910GRDNGSTN-1000972-FBdg-8,910GRDNGSTN-1000972-RPL8-3,False,
910GRDNGSTN,Reading,Outside,910GRDNGSTN-Lift-5,5,Lift 5,910GRDNGSTN-1000972-FBdg-8,910GRDNGSTN-1000972-RPL12-4,False,
910GSHENFLD,Shenfield,Outside,910GSHENFLD-Lift-1,1,Lift 1,910GSHENFLD-1006448-UP-5,910GSHENFLD-1006448-RPL-1-1,False,
910GSHENFLD,Shenfield,Outside,910GSHENFLD-Lift-2,2,Lift 2,910GSHENFLD-1006448-UP-5,910GSHENFLD-1006448-RPL-3-2,False,
910GSHENFLD,Shenfield,Outside,910GSHENFLD-Lift-3,3,Lift 3,910GSHENFLD-1006448-UP-5,910GSHENFLD-1006448-RPL-5-4,False,
910GSHRDHST,Shoreditch High Street,1,910GSHRDHST-Lift-1,1,Lift 1,910GSHRDHST-1001571-RLY-9,910GSHRDHST-1001571-RPL-N-2,False,
910GSHRDHST,Shoreditch High Street,1,910GSHRDHST-Lift-2,2,Lift 2,910GSHRDHST-1001571-RLY-9,910GSHRDHST-1001571-RPL-S-8,False,
910GSLOUGH,Slough,Outside,910GSLOUGH-Lift-2,2,Lift 1,910GSLOUGH-1000951-FBdg-5,910GSLOUGH-1000951-RPL1-1,False,
910GSLOUGH,Slough,Outside,910GSLOUGH-Lift-3,3,Lift 2,910GSLOUGH-1000951-FBdg-5,910GSLOUGH-1000951-RPL2-2,False,
910GSLOUGH,Slough,Outside,910GSLOUGH-Lift-4,4,Lift 3,910GSLOUGH-1000951-FBdg-5,910GSLOUGH-1000951-RPL3-3,False,
910GSTHALL,Southall,4,910GSTHALL-Lift-1,1,Lift A,910GSTHALL-1001255-FB-6,910GSTHALL-1001255-RPL1-2,False,
910GSTHALL,Southall,4,910GSTHALL-Lift-2,2,Lift B,910GSTHALL-1001255-FB-6,910GSTHALL-1001255-RPL23-4,False,
910GSTHALL,Southall,4,910GSTHALL-Lift-3,3,Lift C,910GSTHALL-1001255-FB-6,910GSTHALL-1001255-RPL4-5,False,
910GSTMRYC,St Mary Cray,6,910GSTMRYC-Lift-1,1,Lift 1,910GSTMRYC-1001271-FBdg-4,910GSTMRYC-1001271-RPL34-2,False,
910GSTMRYC,St Mary Cray,6,910GSTMRYC-Lift-2,2,Lift 2,910GSTMRYC-1001271-FBdg-4,910GSTMRYC-1001271-RPL12-3,False,
910GSTOTNHM,South Tottenham,3,910GSTOTNHM-Lift-1,1,Lift 1,910GSTOTNHM-1001264-SUB-5,910GSTOTNHM-1001264-RPL-W-4,False,
910GSTOTNHM,South Tottenham,3,910GSTOTNHM-Lift-2,2,Lift 2,910GSTOTNHM-1001264-SUB-5,910GSTOTNHM-1001264-RPL-E-2,False,
HUBKGX,King's Cross St Pancras,1,HUBKGX-Lift-A,A,Lift A,HUBKGX-1001276-Conc-13,HUBKGX-1001276-RPLLS-6,False,
HUBKGX,King's Cross St Pancras,1,HUBKGX-Lift-B,B,Lift B,HUBKGX-1001276-Mezz-12,HUBKGX-1001276-RPLLN-11,False,
HUBKGX,King's Cross St Pancras,1,HUBKGX-Lift-C,C,Lift C,HUBKGX-1001276-Conc-13,HUBKGX-1001276-RPL-2,False,
HUBKGX,King's Cross St Pancras,1,HUBKGX-Lift-D,D,Lift D,HUBKGX-1001276-Conc-13,HUBKGX-1001276-RPL-D-8,False,
910GSVNKNGS,Seven Kings,4,910GSVNKNGS-Lift-2,2,Lift B,910GSVNKNGS-1001246-FBdg-7,910GSVNKNGS-1001246-RPL2-4,False,
910GSVNKNGS,Seven Kings,4,910GSVNKNGS-Lift-1,1,Lift A,910GSVNKNGS-1001246-FBdg-7,910GSVNKNGS-1001246-RPL1-2,False,
910GSVNKNGS,Seven Kings,4,910GSVNKNGS-Lift-3,3,Lift C,910GSVNKNGS-1001246-FBdg-7,910GSVNKNGS-1001246-RPL3-5,False,
910GSWLY,Swanley,8,910GSWLY-Lift-1,1,Lift 1,910GSWLY-1001801-FBdg-6,910GSWLY-1001801-RPL1-1,False,
910GSWLY,Swanley,8,910GSWLY-Lift-2,2,Lift 2,910GSWLY-1001801-FBdg-6,910GSWLY-1001801-RPL2-2,False,
910GTAPLOW,Taplow,Outside,910GTAPLOW-Lift-1,1,Lift A,910GTAPLOW-1000960-FBdg-6,910GTAPLOW-1000960-RPL3-5,False,
910GTAPLOW,Taplow,Outside,910GTAPLOW-Lift-2,2,Lift B,910GTAPLOW-1000960-FBdg-6,910GTAPLOW-1000960-RPL2-4,False,
910GTAPLOW,Taplow,Outside,910GTAPLOW-Lift-3,3,Lift C,910GTAPLOW-1000960-FBdg-6,910GTAPLOW-1000960-RPL1-1,False,
910GTWYFORD,Twyford,Outside,910GTWYFORD-Lift-1,1,Lift 1,910GTWYFORD-1000969-Bdg-5,910GTWYFORD-1000969-RPL2-2,False,
910GTWYFORD,Twyford,Outside,910GTWYFORD-Lift-2,2,Lift 2,910GTWYFORD-1000969-Bdg-5,910GTWYFORD-1000969-RPL3-3,False,
910GTWYFORD,Twyford,Outside,910GTWYFORD-Lift-3,3,Lift 3,910GTWYFORD-1000969-Bdg-5,910GTWYFORD-1000969-EntHB-90,False,
910GWDRYTON,West Drayton,6,910GWDRYTON-Lift-D,D,Lift D,910GWDRYTON-1001325-TH-7,910GWDRYTON-1001325-FB-5,False,
910GWDRYTON,West Drayton,6,910GWDRYTON-Lift-B,B,Lift B,910GWDRYTON-1001325-FB-5,910GWDRYTON-1001325-RPL2-8,False,
910GWDRYTON,West Drayton,6,910GWDRYTON-Lift-C,C,Lift C,910GWDRYTON-1001325-FB-5,910GWDRYTON-1001325-RPL3-9,False,
910GWDRYTON,West Drayton,6,910GWDRYTON-Lift-A,A,Lift A,910GWDRYTON-1001325-SUB-6,910GWDRYTON-1001325-RPL1-2,False,
910GWDRYTON,West Drayton,6,910GWDRYTON-Lift-E,E,Lift E,910GWDRYTON-1001325-SUB-6,910GWDRYTON-1001325-TH-7,False,
910GWEALING,West Ealing,3,910GWEALING-Lift-1,1,Lift A,910GWEALING-1001327-FB-5,910GWEALING-1001327-RPL1-2,False,
910GWEALING,West Ealing,3,910GWEALING-Lift-2,2,Lift B,910GWEALING-1001327-FB-5,910GWEALING-1001327-RPL2-4,False,
910GWHHRTLA,White Hart Lane,3,910GWHHRTLA-Lift-1,1,Lift 1,910GWHHRTLA-1001335-RLY-6,910GWHHRTLA-1001335-RPL-S-5,False,
910GWHHRTLA,White Hart Lane,3,910GWHHRTLA-Lift-2,2,Lift 2,910GWHHRTLA-1001335-RLY-6,910GWHHRTLA-1001335-RPL-N-2,False,
910GWHMDSTD,West Hampstead,2,910GWHMDSTD-Lift-1,1,Lift 1,910GWHMDSTD-1000321-ENTBR-6,910GWHMDSTD-1000321-RPL-W-2,False,
910GWHMDSTD,West Hampstead,2,910GWHMDSTD-Lift-2,2,Lift 2,910GWHMDSTD-1000321-ENTBR-6,910GWHMDSTD-1000321-RPL-E-5,False,
910GWHMPSTM,West Hampstead Thameslink,2,910GWHMPSTM-Lift-1,1,Lift 1 ,910GWHMPSTM-1001330-FB I-9,910GWHMPSTM-1001330-RPL1-1,False,
910GWHMPSTM,West Hampstead Thameslink,2,910GWHMPSTM-Lift-2,2,Lift 2 ,910GWHMPSTM-1001330-FB I-9,910GWHMPSTM-1001330-RPL2-4,False,
910GWHMPSTM,West Hampstead Thameslink,2,910GWHMPSTM-Lift-3,3,Lift 3,910GWHMPSTM-1001330-FB I-9,910GWHMPSTM-1001330-RPL3-5,False,
940GZZDLABR,Abbey Road,2|3,940GZZDLABR-Lift-1,1,Lift 1,940GZZDLABR-1003006-BOOKH-2,940GZZDLABR-1003006-DLRN-3,False,
940GZZDLABR,Abbey Road,2|3,940GZZDLABR-Lift-2,2,Lift 2,940GZZDLABR-1003006-BOOKH-2,940GZZDLABR-1003006-DLRS-5,False,
940GZZDLALL,All Saints,2,940GZZDLALL-Lift-1,1,Lift 1,940GZZDLALL-1002003-CONC-5,940GZZDLALL-1002003-DLR-N-2,False,
940GZZDLALL,All Saints,2,940GZZDLALL-Lift-2,2,Lift 2,940GZZDLALL-1002003-CONC-5,940GZZDLALL-1002003-DLR-S-4,False,
940GZZDLBLA,Blackwall,2,940GZZDLBLA-Lift-1,1,Lift 1,940GZZDLBLA-1002018-DITCH-1,940GZZDLBLA-1002018-DLR-E-2,False,
940GZZDLBLA,Blackwall,2,940GZZDLBLA-Lift-2,2,Lift 2,940GZZDLBLA-1002018-DITCH-1,940GZZDLBLA-1002018-DLR-W-4,False,
940GZZDLBOW,Bow Church,2,940GZZDLBOW-Lift-1,1,Lift 1,940GZZDLBOW-1002019-BOWRD-3,940GZZDLBOW-1002019-DLR-N-2,False,
940GZZDLBOW,Bow Church,2,940GZZDLBOW-Lift-2,2,Lift 2,940GZZDLBOW-1002019-BOWRD-3,940GZZDLBOW-1002019-DLR-S-4,False,
940GZZDLCLA,Crossharbour,2,940GZZDLCLA-Lift-1,1,Lift 1,940GZZDLCLA-1002025-CROSA-1,940GZZDLCLA-1002025-DLR_S-4,True,
940GZZDLCLA,Crossharbour,2,940GZZDLCLA-Lift-2,2,Lift 2,940GZZDLCLA-1002025-CROSA-1,940GZZDLCLA-1002025-DLR-N-2,True,
HUBCUS,Custom House for ExCel,3,HUBCUS-Lift-4,4,Lift 4,HUBCUS-1001079-WalkW-12,HUBCUS-1001079-DLREB-2|HUBCUS-1001079-DLRWB-14,False,
HUBCUS,Custom House for ExCel,3,HUBCUS-Lift-1,1,Lift 1,HUBCUS-1001079-VIC-4,HUBCUS-1001079-WalkC-6,False,
HUBCUS,Custom House for ExCel,3,HUBCUS-Lift-2,2,Lift 2,HUBCUS-1001079-DLREB-2|HUBCUS-1001079-DLRWB-14,HUBCUS-1001079-WalkE-13,False,
HUBCUS,Custom House for ExCel,3,HUBCUS-Lift-3,3,Lift 3,HUBCUS-1001079-CBH-9,HUBCUS-1001079-EL EB-5|HUBCUS-1001079-EL WB-10,False,
940GZZDLDEP,Deptford Bridge,2|3,940GZZDLDEP-Lift-1,1,Lift 1,940GZZDLDEP-1002029-C-8,940GZZDLDEP-1002029-DLR-S-2,False,
940GZZDLDEP,Deptford Bridge,2|3,940GZZDLDEP-Lift-2,2,Lift 2,940GZZDLDEP-1002029-C-8,940GZZDLDEP-1002029-DLR-N-7,False,
940GZZDLDEV,Devons Road,2,940GZZDLDEV-Lift-1,1,Lift 1,940GZZDLDEV-1002030-CONC-5,940GZZDLDEV-1002030-DLR-N-2,True,
940GZZDLDEV,Devons Road,2,940GZZDLDEV-Lift-2,2,Lift 2,940GZZDLDEV-1002030-CONC-5,940GZZDLDEV-1002030-DLR-S-4,True,
940GZZDLEIN,East India,2|3,940GZZDLEIN-Lift-1,1,Lift 1,940GZZDLEIN-1002033-BLACK-5,940GZZDLEIN-1002033-DLR-E-3,False,
940GZZDLEIN,East India,2|3,940GZZDLEIN-Lift-2,2,Lift 2,940GZZDLEIN-1002033-BLACK-5,940GZZDLEIN-1002033-DLR-W-6,False,
940GZZDLEIN,East India,2|3,940GZZDLEIN-Lift-3,3,Lift 3,940GZZDLEIN-1002033-ASPEN-1,940GZZDLEIN-1002033-BookH-4,False,
940GZZDLGAL,Gallions Reach,3,940GZZDLGAL-Lift-1,1,Lift 1,940GZZDLGAL-1002039-CONC-5,940GZZDLGAL-1002039-DLR-E-2,False,
940GZZDLGAL,Gallions Reach,3,940GZZDLGAL-Lift-2,2,Lift 2,940GZZDLGAL-1002039-CONC-5,940GZZDLGAL-1002039-DLR-W-4,False,
940GZZDLHEQ,Heron Quays,2,940GZZDLHEQ-Lift-1,1,Lift 1,940GZZDLHEQ-1002046-CONC-5,940GZZDLHEQ-1002046-DLR-S-2,False,
940GZZDLHEQ,Heron Quays,2,940GZZDLHEQ-Lift-2,2,Lift 2,940GZZDLHEQ-1002046-CONC-5,940GZZDLHEQ-1002046-DLR-N-4,False,
940GZZDLISL,Island Gardens,2,940GZZDLISL-Lift-1,1,Lift 1,940GZZDLISL-1002048-MANCH-2,940GZZDLISL-1002048-DLRNB-3|940GZZDLISL-1002048-DLRSB-5,False,
940GZZDLKGV,King George V,3,940GZZDLKGV-Lift-1,1,Lift 1,940GZZDLKGV-1002009-BridE-4,940GZZDLKGV-1002009-DLRNB-1|940GZZDLKGV-1002009-DLRSB-6,False,
940GZZDLKGV,King George V,3,940GZZDLKGV-Lift-2,2,Lift 2,940GZZDLKGV-1002009-PIER-3,940GZZDLKGV-1002009-BridE-4,False,
940GZZDLLDP,Langdon Park,2,940GZZDLLDP-Lift-1,1,Lift 1,940GZZDLLDP-1002034-BRDGE-7,940GZZDLLDP-1002034-DLR-N-6,False,
940GZZDLLDP,Langdon Park,2,940GZZDLLDP-Lift-2,2,Lift 2,940GZZDLLDP-1002034-BRDGE-7,940GZZDLLDP-1002034-DLR-S-1,False,
940GZZDLPDK,Pontoon Dock,3,940GZZDLPDK-Lift-1,1,Lift 1,940GZZDLPDK-1002099-NWR-2,940GZZDLPDK-1002099-DLR-W-3,False,
940GZZDLPDK,Pontoon Dock,3,940GZZDLPDK-Lift-2,2,Lift 2,940GZZDLPDK-1002099-NWR-2,940GZZDLPDK-1002099-DLR-E-1,False,
940GZZDLPOP,Poplar,2,940GZZDLPOP-Lift-1,1,Lift 1,940GZZDLPOP-1002064-CONC-6,940GZZDLPOP-1002064-BRIDG-5,True,
940GZZDLPOP,Poplar,2,940GZZDLPOP-Lift-2,2,Lift 2,940GZZDLPOP-1002064-CONC-6,940GZZDLPOP-1002064-BRIDG-5,True,
940GZZDLPRE,Prince Regent,3,940GZZDLPRE-Lift-1,1,Lift 1,940GZZDLPRE-1002065-Bridg-3,940GZZDLPRE-1002065-DLREB-2|940GZZDLPRE-1002065-DLRWB-5,False,
940GZZDLPRE,Prince Regent,3,940GZZDLPRE-Lift-2,2,Lift 2,940GZZDLPRE-1002065-Bridg-3,940GZZDLPRE-1002065-CONNA-1,False,
940GZZDLPUD,Pudding Mill Lane,2|3,940GZZDLPUD-Lift-1,1,Lift 1,940GZZDLPUD-1002066-BOOK-4,940GZZDLPUD-1002066-DLR-E-2,False,
940GZZDLPUD,Pudding Mill Lane,2|3,940GZZDLPUD-Lift-2,2,Lift 2,940GZZDLPUD-1002066-BOOK-4,940GZZDLPUD-1002066-DLR-W-3,False,
940GZZDLRAL,Royal Albert,3,940GZZDLRAL-Lift-1,1,Lift 1,940GZZDLRAL-1002070-CONC-5,940GZZDLRAL-1002070-DLR-E-2,False,
940GZZDLRAL,Royal Albert,3,940GZZDLRAL-Lift-2,2,Lift 2,940GZZDLRAL-1002070-CONC-5,940GZZDLRAL-1002070-DLR-W-4,False,
940GZZDLRVC,Royal Victoria,3,940GZZDLRVC-Lift-1,1,Lift 1,940GZZDLRVC-1002071-BookH-3,940GZZDLRVC-1002071-DLR-E-2,False,
940GZZDLRVC,Royal Victoria,3,940GZZDLRVC-Lift-2,2,Lift 2,940GZZDLRVC-1002071-BookH-3,940GZZDLRVC-1002071-SEA-4,False,
940GZZDLRVC,Royal Victoria,3,940GZZDLRVC-Lift-3,3,Lift 3,940GZZDLRVC-1002071-BookH-3,940GZZDLRVC-1002071-VICTO-1,False,
940GZZDLSHS,Stratford High Street,2|3,940GZZDLSHS-Lift-1,1,Lift 1,940GZZDLSHS-1003007-BOOKH-2,940GZZDLSHS-1003007-DLRS-6,False,
940GZZDLSHS,Stratford High Street,2|3,940GZZDLSHS-Lift-2,2,Lift 2,940GZZDLSHS-1003007-BOOKH-2,940GZZDLSHS-1003007-DLRN-3,False,
940GZZDLSIT,Stratford International,2|3,940GZZDLSIT-Lift-1,1,Lift 1,940GZZDLSIT-1003009-BH-E-3|940GZZDLSIT-1003009-BH-W-4,940GZZDLSIT-1003009-DLR1-5|940GZZDLSIT-1003009-DLR2-6,False,
940GZZDLSIT,Stratford International,2|3,940GZZDLSIT-Lift-2,2,Lift 2,940GZZDLSIT-1003009-BH-E-3|940GZZDLSIT-1003009-BH-W-4,940GZZDLSIT-1003009-DLR1-5|940GZZDLSIT-1003009-DLR2-6,False,
940GZZDLSIT,Stratford International,2|3,940GZZDLSIT-Lift-3,3,Lift 3,940GZZDLSIT-1003009-BH-E-3|940GZZDLSIT-1003009-BH-W-4,940GZZDLSIT-1003009-DLR1-5|940GZZDLSIT-1003009-DLR2-6,False,
940GZZDLSOQ,South Quay,2,940GZZDLSOQ-Lift-1,1,Lift 1,940GZZDLSOQ-1002074-LSC-5,940GZZDLSOQ-1002074-DLR-S-2,True,
940GZZDLSOQ,South Quay,2,940GZZDLSOQ-Lift-2,2,Lift 2,940GZZDLSOQ-1002074-LSC-5,940GZZDLSOQ-1002074-DLR-N-3,True,
940GZZDLSTL,Star Lane,2|3,940GZZDLSTL-Lift-1,1,Lift 1,940GZZDLSTL-1003005-DLRN-4|940GZZDLSTL-1003005-DLRS-7,940GZZDLSTL-1003005-BOOKH-3,False,
940GZZDLSTL,Star Lane,2|3,940GZZDLSTL-Lift-2,2,Lift 2,940GZZDLSTL-1003005-STEPH-2,940GZZDLSTL-1003005-BOOKH-3,False,
940GZZDLSTL,Star Lane,2|3,940GZZDLSTL-Lift-3,3,Lift 3,940GZZDLSTL-1003005-BOOKH-3,940GZZDLSTL-1003005-STARL-1,False,
940GZZDLWFE,Westferry,2,940GZZDLWFE-Lift-1,1,Lift 1,940GZZDLWFE-1002083-WIDR-1|940GZZDLWFE-1002083-WFERR-5,940GZZDLWFE-1002083-DLR-E-2,False,
940GZZDLWFE,Westferry,2,940GZZDLWFE-Lift-2,2,Lift 2,940GZZDLWFE-1002083-WIDR-1|940GZZDLWFE-1002083-WFERR-5,940GZZDLWFE-1002083-DLR-W-3,False,
940GZZDLWFE,Westferry,2,940GZZDLWFE-Lift-3,3,Lift 3,940GZZDLWFE-1002083-WIDR-1|940GZZDLWFE-1002083-WFERR-5,940GZZDLWFE-1002083-DLR-E-2,False,
940GZZDLWFE,Westferry,2,940GZZDLWFE-Lift-4,4,Lift 4,940GZZDLWFE-1002083-WIDR-1|940GZZDLWFE-1002083-WFERR-5,940GZZDLWFE-1002083-DLR-W-3,False,
940GZZDLWIQ,West India Quay,2,940GZZDLWIQ-Lift-1,1,Lift 1,940GZZDLWIQ-1002084-CONC-4,940GZZDLWIQ-1002084-DLR-S-2,True,
940GZZDLWIQ,West India Quay,2,940GZZDLWIQ-Lift-2,2,Lift 2,940GZZDLWIQ-1002084-CONC-4,940GZZDLWIQ-1002084-DLR-N-3,True,
940GZZDLWSV,West Silvertown,3,940GZZDLWSV-Lift-1,1,Lift 1,940GZZDLWSV-1002098-Entr-3,940GZZDLWSV-1002098-DLR-W-4,False,
940GZZDLWSV,West Silvertown,3,940GZZDLWSV-Lift-2,2,Lift 2,940GZZDLWSV-1002098-Entr-3,940GZZDLWSV-1002098-DLR-E-1,False,
940GZZLUACT,Acton Town,3,940GZZLUACT-Lift-1,1,Lift 1,940GZZLUACT-1000002-BookH-8,940GZZLUACT-1000002-DisWB-2,False,
940GZZLUACT,Acton Town,3,940GZZLUACT-Lift-2,2,Lift 2,940GZZLUACT-1000002-BookH-8,940GZZLUACT-1000002-DisEB-3,False,
940GZZLUBBB,Bromley-by-Bow,2|3,940GZZLUBBB-Lift-1,1,Lift 1,940GZZLUBBB-1000032-BookH-5,940GZZLUBBB-1000032-DisEB-2,False,
940GZZLUBBB,Bromley-by-Bow,2|3,940GZZLUBBB-Lift-2,2,Lift 2,940GZZLUBBB-1000032-BookH-5,940GZZLUBBB-1000032-DisWB-3,False,
940GZZLUBMY,Bermondsey,2,940GZZLUBMY-Lift-1,1,Lift 1,940GZZLUBMY-1000021-BookH-1,940GZZLUBMY-1000021-Jubil-2,False,
HUBBDS,Bond Street,1,HUBBDS-Lift-1,1,Lift B,HUBBDS-1000025-BookH-12,HUBBDS-1000025-CJL-16,False,
HUBBDS,Bond Street,1,HUBBDS-Lift-2,2,Lift C,HUBBDS-1000025-CJL-16,HUBBDS-1000025-JubNB-4|HUBBDS-1000025-JubSB-5,False,
HUBBDS,Bond Street,1,HUBBDS-Lift-3,3,Lift D,HUBBDS-1000025-ELIJ-27,HUBBDS-1000025-CenEB-2|HUBBDS-1000025-CenWB-28,False,
HUBBDS,Bond Street,1,HUBBDS-Lift-4,4,Lift A,HUBBDS-1000025-C-STR-6,HUBBDS-1000025-BookH-12,False,
HUBBDS,Bond Street,1,HUBBDS-Lift-5,5,Lift E,HUBBDS-1000025-DSBH-23,HUBBDS-1000025-ELWL-21,False,
HUBBDS,Bond Street,1,HUBBDS-Lift-6,6,Lift F,HUBBDS-1000025-HSQBH-24,HUBBDS-1000025-ELEL-22,False,
940GZZLUBOR,Borough,1,940GZZLUBOR-Lift-1,1,Lift 1,940GZZLUBOR-1000026-BookH-1,940GZZLUBOR-1000026-NorNB-3,False,
940GZZLUBOR,Borough,1,940GZZLUBOR-Lift-2,2,Lift 2,940GZZLUBOR-1000026-BookH-1,940GZZLUBOR-1000026-NorNB-3,False,
940GZZLUCAR,Caledonian Road,2,940GZZLUCAR-Lift-3,3,Lift 3,940GZZLUCAR-1000035-BookH-3,940GZZLUCAR-1000035-PiccS-2|940GZZLUCAR-1000035-PiccN-6,False,
940GZZLUCAR,Caledonian Road,2,940GZZLUCAR-Lift-4,4,Lift 4,940GZZLUCAR-1000035-BookH-3,940GZZLUCAR-1000035-PiccS-2|940GZZLUCAR-1000035-PiccN-6,False,
940GZZLUCKS,Cockfosters,5,940GZZLUCKS-Lift-1,1,Lift 1,940GZZLUCKS-1000053-BookH-7,940GZZLUCKS-1000053-C-CAR-4,False,
940GZZLUDBN,Debden,6,940GZZLUDBN-Lift-1,1,Lift 1,940GZZLUDBN-1000060-CenEB-3,940GZZLUDBN-1000060-Footb-6,False,
940GZZLUDBN,Debden,6,940GZZLUDBN-Lift-2,2,Lift 2,940GZZLUDBN-1000060-Footb-6,940GZZLUDBN-1000060-CenWB-4,False,
940GZZLUECT,Earl's Court,1|2,940GZZLUECT-Lift-3,3,Lift 3,940GZZLUECT-1000064-BookE-8,940GZZLUECT-1000064-PicLi-16,False,
940GZZLUECT,Earl's Court,1|2,940GZZLUECT-Lift-4,4,Lift 4,940GZZLUECT-1000064-BookE-8,940GZZLUECT-1000064-PicLi-16,False,
940GZZLUECT,Earl's Court,1|2,940GZZLUECT-Lift-5,5,Lift 5,940GZZLUECT-1000064-GANT-15,940GZZLUECT-1000064-DisEB-5,False,
940GZZLUECT,Earl's Court,1|2,940GZZLUECT-Lift-6,6,Lift 6,940GZZLUECT-1000064-GANT-15,940GZZLUECT-1000064-DisWB-6,False,
940GZZLUEGW,Edgware,5,940GZZLUEGW-Lift-1,1,Lift 1,940GZZLUEGW-1000070-BookH-6,940GZZLUEGW-1000070-Nort1-1,False,
940GZZLUEGW,Edgware,5,940GZZLUEGW-Lift-2,2,Lift 2,940GZZLUEGW-1000070-BookH-6,940GZZLUEGW-1000070-Nor23-2,False,
940GZZLUEHM,East Ham,3|4,940GZZLUEHM-Lift-1,1,Lift 1,940GZZLUEHM-1000068-BookH-5,940GZZLUEHM-1000068-DisWB-1,False,
940GZZLUEHM,East Ham,3|4,940GZZLUEHM-Lift-2,2,Lift 2,940GZZLUEHM-1000068-BookH-5,940GZZLUEHM-1000068-DisEB-2,False,
940GZZLUESQ,Euston Square,1,940GZZLUESQ-Lift-1,1,Lift 1,940GZZLUESQ-1000078-BookH-5,940GZZLUESQ-1000078-Gower-1,False,
940GZZLUESQ,Euston Square,1,940GZZLUESQ-Lift-2,2,Lift 2,940GZZLUESQ-1000078-BookH-5,940GZZLUESQ-1000078-HamWB-2,False,
940GZZLUFBY,Fulham Broadway,2,940GZZLUFBY-Lift-1,1,Lift 1,940GZZLUFBY-1000084-BookH-4,940GZZLUFBY-1000084-DisEB-1,False,
940GZZLUFBY,Fulham Broadway,2,940GZZLUFBY-Lift-2,2,Lift 2,940GZZLUFBY-1000084-BookH-4,940GZZLUFBY-1000084-DisWB-2,False,
940GZZLUFYC,Finchley Central,4,940GZZLUFYC-Lift-1,1,Lift 1,940GZZLUFYC-1000081-BookH-7,940GZZLUFYC-1000081-NorSB-1,False,
940GZZLUFYC,Finchley Central,4,940GZZLUFYC-Lift-2,2,Lift 2,940GZZLUFYC-1000081-BookH-7,940GZZLUFYC-1000081-NorNB-2,False,
940GZZLUGGN,Golders Green,3,940GZZLUGGN-Lift-1,1,Lift 1,940GZZLUGGN-1000087-BookH-5,940GZZLUGGN-1000087-PLT1-1,False,
940GZZLUGGN,Golders Green,3,940GZZLUGGN-Lift-2,2,Lift 2,940GZZLUGGN-1000087-BookH-5,940GZZLUGGN-1000087-PLT2-2,False,
940GZZLUGPK,Green Park,1,940GZZLUGPK-Lift-1,1,Lift 1,940GZZLUGPK-1000093-LoCon-2,940GZZLUGPK-1000093-PicEB-1|940GZZLUGPK-1000093-PicWB-15,False,
940GZZLUGPK,Green Park,1,940GZZLUGPK-Lift-2,2,Lift 2,940GZZLUGPK-1000093-LoCon-2,940GZZLUGPK-1000093-JUB-19,False,
940GZZLUGPK,Green Park,1,940GZZLUGPK-Lift-4,4,Lift 4,940GZZLUGPK-1000093-D-P-S-4,940GZZLUGPK-1000093-BookH-5,False,
940GZZLUGPK,Green Park,1,940GZZLUGPK-Lift-5,5,Lift 5,940GZZLUGPK-1000093-BookH-5,940GZZLUGPK-1000093-LoCon-2,False,
940GZZLUGPK,Green Park,1,940GZZLUGPK-Lift-6,6,Lift 6,940GZZLUGPK-1000093-BookH-5,940GZZLUGPK-1000093-LoCon-2,False,
940GZZLUHCL,Hendon Central,3|4,940GZZLUHCL-Lift-1,1,Lift 1,940GZZLUHCL-1000106-BookH-4,940GZZLUHCL-1000106-NorNB-1|940GZZLUHCL-1000106-NorSB-6,False,
940GZZLUHGD,Hillingdon,6,940GZZLUHGD-Lift-1,1,Lift 1,940GZZLUHGD-1000111-BookH-5,940GZZLUHGD-1000111-MetEB-1,False,
940GZZLUHGD,Hillingdon,6,940GZZLUHGD-Lift-2,2,Lift 2,940GZZLUHGD-1000111-BookH-5,940GZZLUHGD-1000111-MetWB-2,False,
940GZZLUHLT,Hainault,4,940GZZLUHLT-Lift-1,1,Lift 1,940GZZLUHLT-1000095-LAND-7,940GZZLUHLT-1000095-Cent1-2,False,
940GZZLUHLT,Hainault,4,940GZZLUHLT-Lift-2,2,Lift 2,940GZZLUHLT-1000095-LAND-7,940GZZLUHLT-1000095-Cen23-1,False,
940GZZLUHLT,Hainault,4,940GZZLUHLT-Lift-3,3,Lift 3,940GZZLUHLT-1000095-BookH-3,940GZZLUHLT-1000095-LAND-7,False,
940GZZLUHWE,Hounslow East,4,940GZZLUHWE-Lift-1,1,Lift 1,940GZZLUHWE-1000117-BookH-6,940GZZLUHWE-1000117-PicEB-1,False,
940GZZLUHWE,Hounslow East,4,940GZZLUHWE-Lift-2,2,Lift 2,940GZZLUHWE-1000117-BookH-6,940GZZLUHWE-1000117-PicWB-2,False,
940GZZLUHWT,Hounslow West,5,940GZZLUHWT-Lift-1,1,Lift 1,940GZZLUHWT-1000118-BookH-5,940GZZLUHWT-1000118-PiccE-1|940GZZLUHWT-1000118-PiccW-6,True,Entrance/exit via staff assisted stairlift for manual wheelchair users only. Request staff assistance via the Help point or buzzer next to the stairlift. The maximum operating weight of the stairlift is 225kg.
940GZZLUICK,Ickenham,6,940GZZLUICK-Lift-1,1,Lift 1 ,940GZZLUICK-1000120-BookH-5,940GZZLUICK-1000120-MetEB-2,False,
940GZZLUICK,Ickenham,6,940GZZLUICK-Lift-2,2,Lift 2 ,940GZZLUICK-1000120-BookH-5,940GZZLUICK-1000120-MetWB-3,False,
940GZZLUKBN,Kilburn,2,940GZZLUKBN-Lift-1,1,Lift 1,940GZZLUKBN-1000126-BookH-4,940GZZLUKBN-1000126-Jubil-1|940GZZLUKBN-1000126-JubNB-6,False,
940GZZLUKBY,Kingsbury,4,940GZZLUKBY-Lift-1,1,Lift 1,940GZZLUKBY-1000128-BookH-4,940GZZLUKBY-1000128-JubNB-1,False,
940GZZLUKBY,Kingsbury,4,940GZZLUKBY-Lift-2,2,Lift 2,940GZZLUKBY-1000128-BookH-4,940GZZLUKBY-1000128-JubSB-2,False,
940GZZLUMDN,Morden,4,940GZZLUMDN-Lift-1,1,Lift 1,940GZZLUMDN-1000151-BookH-5,940GZZLUMDN-1000151-Nort1-1,False,
940GZZLUMDN,Morden,4,940GZZLUMDN-Lift-2,2,Lift 2,940GZZLUMDN-1000151-BookH-5,940GZZLUMDN-1000151-Nort2-2,False,
940GZZLUMHL,Mill Hill East,4,940GZZLUMHL-Lift-1,1,Lift 1,940GZZLUMHL-1000147-BookH-4,940GZZLUMHL-1000147-North-2,False,
940GZZLUNBP,Newbury Park,4,940GZZLUNBP-Lift-1,1,Lift 1,940GZZLUNBP-1000154-BookH-5,940GZZLUNBP-1000154-CenEB-2,False,
940GZZLUNBP,Newbury Park,4,940GZZLUNBP-Lift-2,2,Lift 2,940GZZLUNBP-1000154-BookH-5,940GZZLUNBP-1000154-CenWB-3,False,
940GZZLUNGW,North Greenwich,2|3,940GZZLUNGW-Lift-1,1,Lift 1,940GZZLUNGW-1000160-BookH-4,940GZZLUNGW-1000160-JubEB-1,False,
940GZZLUNGW,North Greenwich,2|3,940GZZLUNGW-Lift-2,2,Lift 2,940GZZLUNGW-1000160-BookH-4,940GZZLUNGW-1000160-JubWT-2,False,
940GZZLUNGW,North Greenwich,2|3,940GZZLUNGW-Lift-4,4,Lift 4,940GZZLUNGW-1000160-OEntr-7|940GZZLUNGW-1000160-BEntr-5,940GZZLUNGW-1000160-BookH-4,False,
940GZZLUOAK,Oakwood,5,940GZZLUOAK-Lift-1,1,Lift 1,940GZZLUOAK-1000168-BookH-1,940GZZLUOAK-1000168-PiccS-3|940GZZLUOAK-1000168-PiccN-7,False,
940GZZLUOSY,Osterley,4,940GZZLUOSY-Lift-1,1,Lift 1,940GZZLUOSY-1000171-BookH-6,940GZZLUOSY-1000171-PicWB-3,False,
940GZZLUOSY,Osterley,4,940GZZLUOSY-Lift-2,2,Lift 2,940GZZLUOSY-1000171-BookH-6,940GZZLUOSY-1000171-PicEB-2,False,
940GZZLUPNR,Pinner,5,940GZZLUPNR-Lift-1,1,Lift 1,940GZZLUPNR-1000181-Bridg-1,940GZZLUPNR-1000181-MetNB-3,False,
940GZZLUPNR,Pinner,5,940GZZLUPNR-Lift-2,2,Lift 2,940GZZLUPNR-1000181-Bridg-1,940GZZLUPNR-1000181-MetSB-2,False,
940GZZLUSFS,Southfields,3,940GZZLUSFS-Lift-1,1,Lift 1,940GZZLUSFS-1000209-BookH-1,940GZZLUSFS-1000209-DisNB-3|940GZZLUSFS-1000209-DisSB-7,False,
940GZZLUSUH,Sudbury Hill,4,940GZZLUSUH-Lift-1,1,Lift 1,940GZZLUSUH-1000227-BookH-5,940GZZLUSUH-1000227-PicWB-3,False,
940GZZLUSUH,Sudbury Hill,4,940GZZLUSUH-Lift-2,2,Lift 2,940GZZLUSUH-1000227-BookH-5,940GZZLUSUH-1000227-PicEB-2,False,
940GZZLUSWK,Southwark,1,940GZZLUSWK-Lift-1,1,Lift 1,940GZZLUSWK-1000215-BookH-1,940GZZLUSWK-1000215-JubWB-9|940GZZLUSWK-1000215-Jubil-3,False,
940GZZLUSWK,Southwark,1,940GZZLUSWK-Lift-2,2,Lift 2,940GZZLUSWK-1000215-A-CUT-2,940GZZLUSWK-1000215-BookH-1,False,
HUBTCR,Tottenham Court Road,1,HUBTCR-Lift-1,1,Lift B,HUBTCR-1000235-D-NPE-21,HUBTCR-1000235-BookH-13,False,
HUBTCR,Tottenham Court Road,1,HUBTCR-Lift-2,2,Lift E,HUBTCR-1000235-BookH-13,HUBTCR-1000235-UpCon-17,False,
HUBTCR,Tottenham Court Road,1,HUBTCR-Lift-3,3,Lift A,HUBTCR-1000235-F-O/C-7,HUBTCR-1000235-BookH-13,False,
HUBTCR,Tottenham Court Road,1,HUBTCR-Lift-4,4,Lift D,HUBTCR-1000235-BookH-13,HUBTCR-1000235-NORPL-22,False,
HUBTCR,Tottenham Court Road,1,HUBTCR-Lift-5,5,Lift F,HUBTCR-1000235-UpCon-17,HUBTCR-1000235-CenEB-2|HUBTCR-1000235-CenWB-9,False,
HUBTCR,Tottenham Court Road,1,HUBTCR-Lift-7,6,Lift J,HUBTCR-1000235-DSBH-27,HUBTCR-1000235-ELWL-28,False,
HUBTCR,Tottenham Court Road,1,HUBTCR-Lift-8,7,Lift H,HUBTCR-1000235-ELWL-28,HUBTCR-1000235-ELWL-25,False,
HUBTCR,Tottenham Court Road,1,HUBTCR-Lift-10,8,Lift C,HUBTCR-1000235-ELEL-26,HUBTCR-1000235-BookH-13,False,
HUBTCR,Tottenham Court Road,1,HUBTCR-Lift-12,9,Lift G,HUBTCR-1000235-ELEL-26,HUBTCR-1000235-NORPL-22,False,
940GZZLUTWH,Tower Hill,1,940GZZLUTWH-Lift-1,1,Lift 1,940GZZLUTWH-1000238-A-TRI-3,940GZZLUTWH-1000238-DisEB-1,False,
940GZZLUTWH,Tower Hill,1,940GZZLUTWH-Lift-2,2,Lift 2,940GZZLUTWH-1000238-B-JUB-4,940GZZLUTWH-1000238-DisWB-2,False,
940GZZLUWLA,Wood Lane,2,940GZZLUWLA-Lift-1,1,Lift 1,940GZZLUWLA-1000278-BookH-5,940GZZLUWLA-1000278-HamEB-1,False,
940GZZLUWLA,Wood Lane,2,940GZZLUWLA-Lift-2,2,Lift 2,940GZZLUWLA-1000278-BookH-5,940GZZLUWLA-1000278-HamEB-1,False,
940GZZLUWLA,Wood Lane,2,940GZZLUWLA-Lift-3,3,Lift 3,940GZZLUWLA-1000278-BookH-5,940GZZLUWLA-1000278-HamWB-3,False,
940GZZLUWLA,Wood Lane,2,940GZZLUWLA-Lift-4,4,Lift 4,940GZZLUWLA-1000278-BookH-5,940GZZLUWLA-1000278-HamWB-3,False,
940GZZLUWIP,Wimbledon Park,3,940GZZLUWIP-Lift-1,1,Lift 1,940GZZLUWIP-1000273-BookH-3,940GZZLUWIP-1000273-DisSB-1|940GZZLUWIP-1000273-DisNB-5,False,
940GZZLUWYP,Wembley Park,4,940GZZLUWYP-Lift-1,1,Lift 1,940GZZLUWYP-1000257-BookH-8,940GZZLUWYP-1000257-MET1-1,False,Platform not always in use depending on time of day.
940GZZLUWYP,Wembley Park,4,940GZZLUWYP-Lift-2,2,Lift 2,940GZZLUWYP-1000257-BookH-8,940GZZLUWYP-1000257-JubNB-2|940GZZLUWYP-1000257-Met2-12,False,
940GZZLUWYP,Wembley Park,4,940GZZLUWYP-Lift-3,3,Lift 3,940GZZLUWYP-1000257-BookH-8,940GZZLUWYP-1000257-JubSB-3|940GZZLUWYP-1000257-Met5-7,False,
940GZZLUWYP,Wembley Park,4,940GZZLUWYP-Lift-4,4,Lift 4,940GZZLUWYP-1000257-BookH-8,940GZZLUWYP-1000257-MET6-4,False,Platform not always in use depending on time of day.
940GZZLUWYP,Wembley Park,4,940GZZLUWYP-Lift-5,5,Lift 5,940GZZLUWYP-1000257-BookH-8,940GZZLUWYP-1000257-E-STA-5,False,
HUBBAN,Bank,1,HUBBAN-Lift-2,2,Lift 2,HUBBAN-1000013-BookN-2,HUBBAN-1000013-ConNL-6,False,
HUBBAN,Bank,1,HUBBAN-Lift-3,3,Lift 3,HUBBAN-1000013-BookN-2,HUBBAN-1000013-ConNL-6,False,
HUBBAN,Bank,1,HUBBAN-Lift-4,4,Lift 4,HUBBAN-1000013-BookN-2,HUBBAN-1000013-ConNL-6,False,
HUBBAN,Bank,1,HUBBAN-Lift-5,5,Lift 5,HUBBAN-1000013-BookN-2,HUBBAN-1000013-ConNL-6,False,
HUBBAN,Bank,1,HUBBAN-Lift-6,6,Lift C,HUBBAN-1000013-ConNL-6,HUBBAN-1000013-DLR10-90|HUBBAN-1000013-DLR 9-98|,False,
HUBBAN,Bank,1,HUBBAN-Lift-7,7,Lift A,HUBBAN-1000013-R-KWS-7,HUBBAN-1000013-BookN-2,False,Lift available on request. Press button to alert staff.
HUBBAN,Bank,1,HUBBAN-Lift-8,8,Lift 8,HUBBAN-1000013-S-BLO-99,HUBBAN-1000013-BMez-28,False,
HUBBAN,Bank,1,HUBBAN-Lift-9,9,Lift 9,HUBBAN-1000013-BMez-28,HUBBAN-1000013-Water-9,False,
HUBBAN,Bank,1,HUBBAN-Lift 10,10,Lift F,HUBBAN-1000013-CSBH-95,HUBBAN-1000013-DLR10-90|HUBBAN-1000013-DLR 9-98|,False,
HUBBAN,Bank,1,HUBBAN-Lift 11,11,Lift G,HUBBAN-1000013-CSBH-95,HUBBAN-1000013-NLSP-31,False,
HUBBFR,Blackfriars,1,HUBBFR-Lift-6,6,Lift 6,HUBBFR-1000023-LULB-12,HUBBFR-1000023-LUE-6,False,
HUBBFR,Blackfriars,1,HUBBFR-Lift-8,8,Lift 8,HUBBFR-1000023-LULB-12,HUBBFR-1000023-LUW-8,False,
HUBBFR,Blackfriars,1,HUBBFR-Lift-1,1,Lift 1,HUBBFR-1000023-ENTN-5,HUBBFR-1000023-RPL-1|HUBBFR-1000023-RPLTN-4|,False,
HUBBFR,Blackfriars,1,HUBBFR-Lift-2,2,Lift 2 ,HUBBFR-1000023-ENTN-5,HUBBFR-1000023-RPLTS-2,False,
HUBBFR,Blackfriars,1,HUBBFR-Lift-3,3,Lift 3,HUBBFR-1000023-ENTS-7,HUBBFR-1000023-RPL-1|HUBBFR-1000023-RPLTN-4|,False,
HUBBFR,Blackfriars,1,HUBBFR-Lift-4,4,Lift 4 ,HUBBFR-1000023-ENTS-7,HUBBFR-1000023-RPLTS-2,False,
HUBBHO,Blackhorse Road,3,HUBBHO-Lift-1,1,Lift 1,HUBBHO-1000024-BookH-7,HUBBHO-1000024-RPL W-8,False,
HUBBHO,Blackhorse Road,3,HUBBHO-Lift-2,2,Lift 2,HUBBHO-1000024-BookH-7,HUBBHO-1000024-RPL E-10,False,
HUBBKG,Barking,4,HUBBKG-Lift-1,1,Lift 1,HUBBKG-1000015-BookH-1,HUBBKG-1000015-RPL-G-8,False,
HUBBRX,Brixton,2,HUBBRX-Lift-1,1,Lift 1,HUBBRX-1000031-BookH-2,HUBBRX-1000031-A-BRI-1,False,
HUBBRX,Brixton,2,HUBBRX-Lift-2,2,Lift 2,HUBBRX-1000031-BookH-2,HUBBRX-1000031-Vict1-4|HUBBRX-1000031-Vict2-5|,False,
HUBCAN,Canning Town,2|3,HUBCAN-Lift-1,1,Lift 1,HUBCAN-1000039-BOW-9,HUBCAN-1000039-BookH-5,False,
HUBCAN,Canning Town,2|3,HUBCAN-Lift-2,2,Lift 2,HUBCAN-1000039-BookH-5,HUBCAN-1000039-DLR1-2|HUBCAN-1000039-DLR2-16,False,
HUBCAN,Canning Town,2|3,HUBCAN-Lift-3,3,Lift 3,HUBCAN-1000039-ENTRA-3,HUBCAN-1000039-BookH-5,False,
HUBCAN,Canning Town,2|3,HUBCAN-Lift-4,4,Lift 4,HUBCAN-1000039-BookH-5,HUBCAN-1000039-DLR3-4|HUBCAN-1000039-DLR4-6,False,
HUBCAW,Canary Wharf,2,HUBCAW-Lift-DLR 1,DLR 1,Lift DLR 1,HUBCAW-1003008-NORTH-3,HUBCAW-1003008-DLR M-1,False,
HUBCAW,Canary Wharf,2,HUBCAW-Lift-DLR 2,DLR 2,Lift DLR 2,HUBCAW-1003008-NORTH-3,HUBCAW-1003008-DLR M-1,False,
HUBCAW,Canary Wharf,2,HUBCAW-Lift-DLR S2,DLR S2,Lift DLR S2,HUBCAW-1003008-SHW-7,HUBCAW-1003008-DLR-N-4,False,
HUBCAW,Canary Wharf,2,HUBCAW-Lift-DLR S3,DLR S3,Lift DLR S3,HUBCAW-1003008-SHE-6,HUBCAW-1003008-DLR-S-2,False,
HUBCAW,Canary Wharf,2,HUBCAW-Lift-LU 1,LU 1,Lift LU 1,HUBCAW-1000038-PLA-1|HUBCAW-1000038-J Mez-11|HUBCAW-1000038-UBST-13,HUBCAW-1000038-BookJ-2,False,
HUBCAW,Canary Wharf,2,HUBCAW-Lift-LU 2,LU 2,Lift LU 2,HUBCAW-1000038-BookJ-2,HUBCAW-1000038-JubiE-5|HUBCAW-1000038-JubiW-8,False,
HUBCAW,Canary Wharf,2,HUBCAW-Lift-A,EL 1,Lift A,HUBCAW-1002163-HLE-3,HUBCAW-1002163-BH-2,False,
HUBCAW,Canary Wharf,2,HUBCAW-Lift-B,EL 2,Lift B,HUBCAW-1002163-CAP-7,HUBCAW-1002163-BH-2,False,
HUBCAW,Canary Wharf,2,HUBCAW-Lift-C,EL 3,Lift C,HUBCAW-1002163-BH-2,HUBCAW-1002163-EL EB-1|HUBCAW-1002163-EL WB-5,False,
HUBCAW,Canary Wharf,2,HUBCAW-Lift-D,EL 4,Lift D,HUBCAW-1002163-BH-2,HUBCAW-1002163-EL EB-1|HUBCAW-1002163-EL WB-5,False,
HUBCLJ,Clapham Junction,2,HUBCLJ-Lift-1,1,Lift 1,HUBCLJ-1001069-RLY-9,HUBCLJ-1001069-RPL-K-2,False,
HUBCLJ,Clapham Junction,2,HUBCLJ-Lift-2,2,Lift 2,HUBCLJ-1001069-Subwy-10,HUBCLJ-1001069-RPL-K-2,False,
HUBCLJ,Clapham Junction,2,HUBCLJ-Lift-3,3,Lift 3,HUBCLJ-1001069-RLY-9,HUBCLJ-1001069-RPL-B-5,False,
HUBCLJ,Clapham Junction,2,HUBCLJ-Lift-4,4,Lift 4,HUBCLJ-1001069-Subwy-10,HUBCLJ-1001069-RPL-B-5,False,
HUBCST,Cannon Street,1,HUBCST-Lift-2,2,Lift 2,HUBCST-1000040-BookH-7,HUBCST-1000040-DisWB-2,False,
HUBCST,Cannon Street,1,HUBCST-Lift-1,1,Lift 1 ,HUBCST-1000337-NR-6,HUBCST-1000337-NR E-9,False,
HUBCUT,Cutty Sark for Maritime Greenwich,2|3,HUBCUT-Lift-1,1,Lift 1,HUBCUT-1002027-CREEK-3,HUBCUT-1002027-DLRNB-2|HUBCUT-1002027-DLRSB-6,False,
HUBCYP,Crystal Palace,3|4,HUBCYP-Lift-1,1,Lift 1,HUBCYP-1001078-RLY-9,HUBCYP-1001078-RPLTN-2|HUBCYP-1001078-RPLFS-5,False,
HUBCYP,Crystal Palace,3|4,HUBCYP-Lift-2,2,Lift 2,HUBCYP-1001078-RLY-9,HUBCYP-1001078-RPL T-7|HUBCYP-1001078-RPLTS-4,False,
HUBCYP,Crystal Palace,3|4,HUBCYP-Lift-3,3,Lift 3,HUBCYP-1001078-RLY-9,HUBCYP-1001078-RPLFN-6,False,
HUBECY,East Croydon,5|Trams fare zone,HUBECY-Lift-1,1,Lift 1,HUBECY-1001089-EntR-10,HUBECY-1001089-FBdg-11,False,
HUBECY,East Croydon,5|Trams fare zone,HUBECY-Lift-2,2,Lift 2,HUBECY-1001089-FBdg-11,HUBECY-1001089-RPL1-2,False,
HUBECY,East Croydon,5|Trams fare zone,HUBECY-Lift-3,3,Lift 3,HUBECY-1001089-FBdg-11,HUBECY-1001089-RPL2-3,False,
HUBECY,East Croydon,5|Trams fare zone,HUBECY-Lift-4,4,Lift 4,HUBECY-1001089-FBdg-11,HUBECY-1001089-RPL3-4,False,
HUBEPH,Elephant & Castle,1|2,HUBEPH-Lift-5,5,Lift 5,HUBEPH-1000073-BookS-9,HUBEPH-1000073-NorSB-5,False,
HUBEPH,Elephant & Castle,1|2,HUBEPH-Lift-6,6,Lift 6,HUBEPH-1000073-BookS-9,HUBEPH-1000073-NorSB-5,False,
HUBFPK,Finsbury Park,2,HUBFPK-Lift-1,1,Lift 1,HUBFPK-1000083-Cor N-15,HUBFPK-1000083-VicNB-4|HUBFPK-1000083-PicEB-2,False,
HUBFPK,Finsbury Park,2,HUBFPK-Lift-3,3,Lift 3,HUBFPK-1000083-Cor N-15,HUBFPK-1000083-VicSB-5|HUBFPK-1000083-PicWB-3,False,
HUBFPK,Finsbury Park,2,HUBFPK-Lift1A,1A,Lift 1A,HUBFPK-1000083-Cor N-15,HUBFPK-1000334-RPL S-10,False,
HUBFPK,Finsbury Park,2,HUBFPK-Lift 2,2,Lift 2,HUBFPK-1000083-Cor N-15,HUBFPK-1000334-Entr-2,False,
HUBFPK,Finsbury Park,2,HUBFPK-Lift 7,7,Lift 7,HUBFPK-1000083-Cor N-15,HUBFPK-1000334-RPL N-14,False,
HUBGFD,Greenford,4,HUBGFD-Lift-1,1,Lift 1,HUBGFD-1000092-BookH-5,HUBGFD-1000092-PLATS-8,False,
HUBGNW,Greenwich,2|3,HUBGNW-Lift-1,1,Lift 1,HUBGNW-1001123-WALLW-7,HUBGNW-1001123-DLR E-8|HUBGNW-1001123-RPL-W-9,False,
HUBGNW,Greenwich,2|3,HUBGNW-Lift-2,2,Lift 2,HUBGNW-1001123-WALLW-7,HUBGNW-1001123-DLRW-2,False,
HUBHOH,Harrow-on-the-Hill,5,HUBHOH-Lift-1,1,Lift 1,HUBHOH-1000102-B-COL-4,HUBHOH-1000102-BookH-5,False,
HUBHOH,Harrow-on-the-Hill,5,HUBHOH-Lift-2,2,Lift 2,HUBHOH-1000102-WAL-9,HUBHOH-1000102-RPLP1-6,False,
HUBHOH,Harrow-on-the-Hill,5,HUBHOH-Lift-3,3,Lift 3,HUBHOH-1000102-WAL-9,HUBHOH-1000102-Met34-2,False,
HUBHOH,Harrow-on-the-Hill,5,HUBHOH-Lift-4,4,Lift 4,HUBHOH-1000102-WAL-9,HUBHOH-1000102-Met56-1,False,
HUBH13,Heathrow Terminals 2 & 3,6,HUBH13-Lift-1,1,Lift 1,HUBH13-1000105-BookH-7,HUBH13-1000105-Picca-1|HUBH13-1000105-Pic1-10,False,
HUBH13,Heathrow Terminals 2 & 3,6,HUBH13-Lift-2,2,Lift 2,HUBH13-1001147-Entr-2,HUBH13-1001147-RPL-1,False,
HUBHHY,Highbury & Islington,2,HUBHHY-Lift-1,1,Lift 1,HUBHHY-1000108-RLY-4,HUBHHY-1000108-RPLHT-1,False,
HUBHHY,Highbury & Islington,2,HUBHHY-Lift-2,2,Lift 2,HUBHHY-1000108-RLY-4,HUBHHY-1000108-RPLHW-2,False,
HUBHHY,Highbury & Islington,2,HUBHHY-Lift-3,3,Lift 3,HUBHHY-1000108-RLY-4,HUBHHY-1000108-RPLHE-3,False,
HUBHMS,Hammersmith,2,HUBHMS-Lift-1,1,Lift 1,HUBHMS-1000096-WBHal-11,HUBHMS-1000096-DisEB-2|HUBHMS-1000096-PicEB-4,False,
HUBHMS,Hammersmith,2,HUBHMS-Lift-2,2,Lift 2,HUBHMS-1000096-WBHal-11,HUBHMS-1000096-DisWB-1|HUBHMS-1000096-PicWB-3,False,
HUBHRW,Harrow & Wealdstone,5,HUBHRW-Lift-1,1,Lift 1,HUBHRW-1000101-UNB-10|HUBHRW-1000101-RPLDN-12,HUBHRW-1000101-FOOTB-1,False,
HUBHRW,Harrow & Wealdstone,5,HUBHRW-Lift-2,2,Lift 2,HUBHRW-1000101-FOOTB-1,HUBHRW-1000101-USB-98|HUBHRW-1000101-RPLDS-7,False,
HUBHRW,Harrow & Wealdstone,5,HUBHRW-Lift-3,3,Lift 3,HUBHRW-1000101-FOOTB-1,HUBHRW-1000101-RPLAN-6,False,
HUBHRW,Harrow & Wealdstone,5,HUBHRW-Lift-4,4,Lift 4,HUBHRW-1000101-FOOTB-1,HUBHRW-1000101-RPLAS-11,False,
HUBHX4,Heathrow Terminal 4,6,HUBHX4-Lift-1,1,Lift 1,HUBHX4-1000104-BookH-4,HUBHX4-1000104-A-TER-1,False,
HUBHX4,Heathrow Terminal 4,6,HUBHX4-Lift-2,2,Lift 2,HUBHX4-1000104-RPL-2,HUBHX4-1000104-A-TER-1,False,
HUBHX5,Heathrow Terminal 5,6,HUBHX5-Lift-1,1,Lift 1,HUBHX5-1016430-A-T5-2,HUBHX5-1016430-PICC-1,False,
HUBHX5,Heathrow Terminal 5,6,HUBHX5-Lift-2,2,Lift 2,HUBHX5-1016430-A-T5-2,HUBHX5-1016430-RPL-6,False,
HUBIMP,Imperial Wharf,2,HUBIMP-Lift-1,1,Lift 1,HUBIMP-1001347-RLY-5,HUBIMP-1001347-RPL-S-1,False,
HUBIMP,Imperial Wharf,2,HUBIMP-Lift-2,2,Lift 2,HUBIMP-1001347-RLY-5,HUBIMP-1001347-RPL-N-4,False,
HUBKGX,King's Cross St Pancras,1,HUBKGX-Lift-1,1,Lift 1,HUBKGX-1000129-WTH-2,HUBKGX-1000129-CirEB-1|HUBKGX-1000129-CirWB-31,False,
HUBKGX,King's Cross St Pancras,1,HUBKGX-Lift-10,10,Lift 10,HUBKGX-1000129-KC911-10,HUBKGX-1000129-NTH-11,False,
HUBKGX,King's Cross St Pancras,1,HUBKGX-Lift-11,11,Lift 11,HUBKGX-1000129-H-STP-21,HUBKGX-1000129-NTH-11,False,
HUBKGX,King's Cross St Pancras,1,HUBKGX-Lift-2,2,Lift 2,HUBKGX-1000129-I-E/C-3,HUBKGX-1000129-WTH-2,False,
HUBKGX,King's Cross St Pancras,1,HUBKGX-Lift-3,3,Lift 3,HUBKGX-1000129-I-E/C-3,HUBKGX-1000129-NPN-6,False,
HUBKGX,King's Cross St Pancras,1,HUBKGX-Lift-5,5,Lift 5,HUBKGX-1000129-NPN-6,HUBKGX-1000129-NorNB-19|HUBKGX-1000129-NorSB-26,False,
HUBKGX,King's Cross St Pancras,1,HUBKGX-Lift-6,6,Lift 6,HUBKGX-1000129-NTH-11,HUBKGX-1000129-NPE-7,False,
HUBKGX,King's Cross St Pancras,1,HUBKGX-Lift-7,7,Lift 7,HUBKGX-1000129-NPE-7,HUBKGX-1000129-PicWB-8|HUBKGX-1000129-PicEB-18,False,
HUBKGX,King's Cross St Pancras,1,HUBKGX-Lift-8,8,Lift 8,HUBKGX-1000129-NPE-7,HUBKGX-1000129-VicNB-22|HUBKGX-1000129-VicSB-23,False,
HUBLBG,London Bridge,1,HUBLBG-Lift-2,2,Lift 2,HUBLBG-1000139-BookJ-3,HUBLBG-1000139-JubEB-2|HUBLBG-1000139-JubWB-27,False,
HUBLBG,London Bridge,1,HUBLBG-Lift-3,3,Lift 3,HUBLBG-1000139-BOROU-4,HUBLBG-1000139-BookN-8,False,
HUBLBG,London Bridge,1,HUBLBG-Lift-4,4,Lift 4,HUBLBG-1000139-BookN-8,HUBLBG-1000139-NorNB-9|HUBLBG-1000139-NorSB-28,False,
HUBLBG,London Bridge,1,HUBLBG-Lift-5,5,Lift 5,HUBLBG-1000139-RLY-16,HUBLBG-1000139-RPL45-22,False,
HUBLBG,London Bridge,1,HUBLBG-Lift-6,6,Lift 6,HUBLBG-1000139-RLY-16,HUBLBG-1000139-UpFlr-18,False,
HUBLCY,London City Airport,3,HUBLCY-Lift-1,1,Lift 1,HUBLCY-1002000-DRERD-5,HUBLCY-1002000-DLREB-1|HUBLCY-1002000-DLRWB-7,False,
HUBLCY,London City Airport,3,HUBLCY-Lift-2,2,Lift 2,HUBLCY-1002000-DRERD-5,HUBLCY-1002000-DLREB-1|HUBLCY-1002000-DLRWB-7,False,
HUBLHS,Limehouse,2,HUBLHS-Lift-1,1,Lift 1,HUBLHS-1001180-BRANC-8,HUBLHS-1001180-DLRE-7,True,
HUBLHS,Limehouse,2,HUBLHS-Lift-2,2,Lift 2,HUBLHS-1001180-BRANC-8,HUBLHS-1001180-DLRW-3,True,
HUBLHS,Limehouse,2,HUBLHS-Lift-3,3,Lift 3,HUBLHS-1001180-BUTCH-2,HUBLHS-1001180-DLRE-7,True,
HUBLHS,Limehouse,2,HUBLHS-Lift-4,4,Lift 4,HUBLHS-1001180-BUTCH-2,HUBLHS-1001180-DLRW-3,True,
HUBLHS,Limehouse,2,HUBLHS-Lift-5,5,Lift 5,HUBLHS-1001180-BUTCH-2,HUBLHS-1001180-RPLE-6,True,
HUBLST,Liverpool Street,1,HUBLST-Lift-1,1,Lift 1,HUBLST-1000138-BookH-1,HUBLST-1000138-RPL-11,False,
HUBLST,Liverpool Street,1,HUBLST-Lift-C,7,Lift E,HUBLST-1000138-EL EB-19|HUBLST-1000138-EL WB-23,HUBLST-1000138-ELM-22,False,
HUBLST,Liverpool Street,1,HUBLST-Lift-B,8,Lift F,HUBLST-1000138-ELM-22,HUBLST-1000138-ELBH-21,False,
HUBLST,Liverpool Street,1,HUBLST-Lift-A,9,Lift G,HUBLST-1000138-ELBH-21,HUBLST-1000138-H-EL-20,False,
HUBNXG,New Cross Gate,2,HUBNXG-Lift-1,1,Lift 1,HUBNXG-1000156-RLY-4,HUBNXG-1000156-RPL-1-5,False,
HUBNXG,New Cross Gate,2,HUBNXG-Lift-2,2,Lift 2,HUBNXG-1000156-RLY-4,HUBNXG-1000156-RPL-3-3,False,
HUBNXG,New Cross Gate,2,HUBNXG-Lift-3,3,Lift 3,HUBNXG-1000156-RLY-4,HUBNXG-1000156-RPL-5-7,False,
HUBPAD,Paddington,1,HUBPAD-Lift-2,2,Lift 2,HUBPAD-1000174-Lawn-7,HUBPAD-1000174-D - L-10,False,
HUBPAD,Paddington,1,HUBPAD-Lift-3,3,Lift 3,HUBPAD-1000175-BookH-4,HUBPAD-1000175-PLAT-7,False,
HUBPAD,Paddington,1,HUBPAD-Lift-6,6,Lift 6,HUBPAD-1001221-ET-6,HUBPAD-1001221-ELTH-8,False,
HUBPAD,Paddington,1,HUBPAD-Lift-7,7,Lift 7,HUBPAD-1001221-ET-6,HUBPAD-1001221-ELTH-8,False,
HUBPAD,Paddington,1,HUBPAD-Lift-8,8,Lift 8,HUBPAD-1001221-ELTH-8,HUBPAD-1001221-ELL-10,False,
HUBPAD,Paddington,1,HUBPAD-Lift-9,9,Lift 9,HUBPAD-1001221-ELTH-8,HUBPAD-1001221-ELL-10,False,
HUBPAD,Paddington,1,HUBPAD-Lift-12,12,Lift 12,HUBPAD-1001221-ELL-10,HUBPAD-1001221-BLL-9,False,
HUBPAD,Paddington,1,HUBPAD-Lift-X,X,Lift X,HUBPAD-1000174-BLLU-13,HUBPAD-1000174-BakSB-1|HUBPAD-1000174-BakNB-2,False,
HUBPAD,Paddington,1,HUBPAD-Lift-Y,Y,Lift Y,HUBPAD-1000174-B-TAN-6,HUBPAD-1000174-LATH-14,False,
HUBPAD,Paddington,1,HUBPAD-Lift-Z,Z,Lift Z,HUBPAD-1000174-BakLa-12,HUBPAD-1000174-BakSB-1|HUBPAD-1000174-BakNB-2,False,
HUBRMD,Richmond,4,HUBRMD-Lift-1,1,Lift 1,HUBRMD-1000192-RLY-4,HUBRMD-1000192-RPL W-9,False,
HUBRMD,Richmond,4,HUBRMD-Lift-2,2,Lift 2,HUBRMD-1000192-RLY-4,HUBRMD-1000192-RPL E-3|HUBRMD-1000192-DIS45-2|HUBRMD-1000192-DIS67-10|HUBRMD-1000192-RPL T-7,False,
HUBSDE,Shadwell,2,HUBSDE-Lift-1,1,Lift 1,HUBSDE-1000202-CORNW-9,HUBSDE-1000202-DLREB-3|HUBSDE-1000202-DLRWB-4,False,
HUBSPB,Shepherd's Bush,2,HUBSPB-Lift-1,1,Lift 1,HUBSPB-1001348-Bridg-3,HUBSPB-1001348-RPL-N-1,False,
HUBSPB,Shepherd's Bush,2,HUBSPB-Lift-2,2,Lift 2,HUBSPB-1001348-Bridg-3,HUBSPB-1001348-RPL-S-4,False,
HUBSRA,Stratford,2|3,HUBSRA-Lift-10,10,Lift J,HUBSRA-1000226-Sub-W-10,HUBSRA-1000226-CenEB-2,False,
HUBSRA,Stratford,2|3,HUBSRA-Lift-12,12,Lift G,HUBSRA-1000226-Sub-W-10,HUBSRA-1000226-RPL-O-9|HUBSRA-1000226-RPL-N-12,False,
HUBSRA,Stratford,2|3,HUBSRA-Lift-16,16,Lift B,HUBSRA-1000226-WESTF-92,HUBSRA-1000226-Sub-W-10,False,
HUBSRA,Stratford,2|3,HUBSRA-Lift-17,17,Lift A,HUBSRA-1000226-WESTF-92,HUBSRA-1000226-Sub-M-1,False,
HUBSRA,Stratford,2|3,HUBSRA-Lift-3,3,Lift F,HUBSRA-1000226-Sub-W-10,HUBSRA-1000226-CenWB-3,False,
HUBSRA,Stratford,2|3,HUBSRA-Lift-2,2,Lift E,HUBSRA-1000226-Sub-M-1,HUBSRA-1000226-CenEB-2,False,
HUBSRA,Stratford,2|3,HUBSRA-Lift-18,18,Lift K,HUBSRA-1000226-Sub-M-1,HUBSRA-1000226-CenWB-3,False,
HUBSRA,Stratford,2|3,HUBSRA-Lift-4,4,Lift N,HUBSRA-1000226-MEZ-4,HUBSRA-1000226-TH-E-70,False,
HUBSRA,Stratford,2|3,HUBSRA-Lift-5,5,Lift O,HUBSRA-1000226-MEZ-4,HUBSRA-1000226-TH-W-5|HUBSRA-1000226-Jubil-8,False,
HUBSRA,Stratford,2|3,HUBSRA-Lift-6,6,Lift M,HUBSRA-1000226-MEZ-4,HUBSRA-1000226-TH-E-70,False,
HUBSRA,Stratford,2|3,HUBSRA-Lift-7,7,Lift P,HUBSRA-1000226-MEZ-4,HUBSRA-1000226-TH-W-5|HUBSRA-1000226-Jubil-8,False,
HUBSRA,Stratford,2|3,HUBSRA-Lift-8,8,Lift L,HUBSRA-1000226-Sub-W-10,HUBSRA-1000226-TH-W-5|HUBSRA-1000226-Jubil-8,False,
HUBSRA,Stratford,2|3,HUBSRA-Lift-9,9,Lift C,HUBSRA-1000226-Sub-M-1,HUBSRA-1000226-RPL-O-9|HUBSRA-1000226-RPL-N-12,False,
HUBSRA,Stratford,2|3,HUBSRA-Lift-1,1,Lift D,HUBSRA-1000226-Sub-M-1,HUBSRA-1000226-RPL-X-11,False,
HUBSRA,Stratford,2|3,HUBSRA-Lift-11,11,Lift H,HUBSRA-1000226-Sub-W-10,HUBSRA-1000226-RPL-X-11,False,
HUBSRA,Stratford,2|3,HUBSRA-Lift-13,13,Lift R,HUBSRA-1000226-Sub-E-75,HUBSRA-1000226-RPL-S-13,False,
HUBSRA,Stratford,2|3,HUBSRA-Lift-14,14,Lift S,HUBSRA-1000226-Sub-E-75,HUBSRA-1000226-RPL-S-13,False,
HUBTOG,Tower Gateway,1,HUBTOG-Lift-1,1,Lift 1,HUBTOG-1002076-MINOR-2,HUBTOG-1002076-DLR 2-1,True,
HUBTOG,Tower Gateway,1,HUBTOG-Lift-2,2,Lift 2,HUBTOG-1002076-MINOR-2,HUBTOG-1002076-DLR 2-1,True,
HUBTOM,Tottenham Hale,3,HUBTOM-Lift-1,1,Lift 1,HUBTOM-1000236-LUBOO-1,HUBTOM-1000236-VicNB-2|HUBTOM-1000236-VicSB-13,False,
HUBTOM,Tottenham Hale,3,HUBTOM-Lift-2,2,Lift 2,HUBTOM-1000236-NBDGE-12,HUBTOM-1000236-RPL-N-8,False,
HUBTOM,Tottenham Hale,3,HUBTOM-Lift-3,3,Lift 3,HUBTOM-1000236-NBDGE-12,HUBTOM-1000236-RPL-S-10,False,
HUBUPM,Upminster,6,HUBUPM-Lift-1,1,Lift 1,HUBUPM-1000242-BridW-11,HUBUPM-1000242-RPL W-1,False,
HUBUPM,Upminster,6,HUBUPM-Lift-2,2,Lift 2,HUBUPM-1000242-BridW-11,HUBUPM-1000242-Dist3-2|HUBUPM-1000242-RPL E-10,False,
HUBUPM,Upminster,6,HUBUPM-Lift-3,3,Lift 3,HUBUPM-1000242-BridW-11,HUBUPM-1000242-Dis45-3,False,
HUBVIC,Victoria,1,HUBVIC-Lift-A1B2,A1B2,Lift A1B2,HUBVIC-1000248-D-VIC-9,HUBVIC-1000248-BookV-12,False,
HUBVIC,Victoria,1,HUBVIC-Lift-C3,C3,Lift C3,HUBVIC-1000248-CARD-71,HUBVIC-1000248-BookN-72,False,
HUBVIC,Victoria,1,HUBVIC-Lift-D4,D4,Lift D4,HUBVIC-1000248-BookV-12,HUBVIC-1000248-SInt-76,False,
HUBVIC,Victoria,1,HUBVIC-Lift-E5,E5,Lift E5,HUBVIC-1000248-BookN-72,HUBVIC-1000248-NInt-73,False,
HUBVIC,Victoria,1,HUBVIC-Lift-F6,F6,Lift F6,HUBVIC-1000248-VicNB-4|HUBVIC-1000248-VicSB-5,HUBVIC-1000248-DisE-2,False,
HUBVIC,Victoria,1,HUBVIC-Lift-G7,G7,Lift G7,HUBVIC-1000248-NInt-73,HUBVIC-1000248-VicNB-4|HUBVIC-1000248-VicSB-5,False,
HUBVXH,Vauxhall,1|2,HUBVXH-Lift-1,1,Lift 1,HUBVXH-1000247-B-B-E-5,HUBVXH-1000247-BookH-10,False,
HUBVXH,Vauxhall,1|2,HUBVXH-Lift-2,2,Lift 2,HUBVXH-1000247-BookH-10,HUBVXH-1000247-VicNB-2|HUBVXH-1000247-VicSB-7,False,
HUBVXH,Vauxhall,1|2,HUBVXH-Lift-3,3,Lift 3,HUBVXH-1000344-RPL-11,HUBVXH-1000344-RLY-1|HUBVXH-1000344-ENTR-7,False,
HUBVXH,Vauxhall,1|2,HUBVXH-Lift-4,4,Lift 4,HUBVXH-1000344-RPL-2,HUBVXH-1000344-RLY-1,False,
HUBVXH,Vauxhall,1|2,HUBVXH-Lift-5,5,Lift 5,HUBVXH-1000344-RPL-3,HUBVXH-1000344-RLY-1,False,
HUBVXH,Vauxhall,1|2,HUBVXH-Lift-6,6,Lift 6,HUBVXH-1000344-RPL-4,HUBVXH-1000344-RLY-1,False,
HUBWAT,Waterloo,1,HUBWAT-Lift-1,1,Lift 1 ,HUBWAT-1000254-WCArr-20,HUBWAT-1000254-BookM-18,False,
HUBWAT,Waterloo,1,HUBWAT-Lift-2,2,Lift 2,HUBWAT-1000254-BookJ-1,HUBWAT-1000254-JubEB-2|HUBWAT-1000254-JubWB-25,False,
HUBWAT,Waterloo,1,HUBWAT-Lift-3,3,Lift 3,HUBWAT-1000254-BookM-18|HUBWAT-1000254-NRDP-22,HUBWAT-1000254-RPL-14,False,
HUBWAT,Waterloo,1,HUBWAT-Lift-4,4,Lift 4,HUBWAT-1000254-B-WOR-13,HUBWAT-1000254-RPL-14,False,
HUBWBP,West Brompton,2,HUBWBP-Lift-3,3,Lift 3,HUBWBP-1000260-RLY-6,HUBWBP-1000260-RPL S-1,False,
HUBWBP,West Brompton,2,HUBWBP-Lift-4,4,Lift 4,HUBWBP-1000260-RLY-6,HUBWBP-1000260-RPL N-2,False,
HUBWEH,West Ham,2|3,HUBWEH-Lift-1,1,Lift 1,HUBWEH-1000262-BookH-6,HUBWEH-1000262-Footb-1,False,
HUBWEH,West Ham,2|3,HUBWEH-Lift-2,2,Lift 2,HUBWEH-1000262-Footb-1,HUBWEH-1000262-JubEB-2|HUBWEH-1000262-JubWB-10,False,
HUBWEH,West Ham,2|3,HUBWEH-Lift-4,4,Lift 4,HUBWEH-1000262-BookH-6,HUBWEH-1000262-DisEB-4|HUBWEH-1000262-DisWB-9,False,
HUBWEH,West Ham,2|3,HUBWEH-Lift-5,5,Lift 5,HUBWEH-1000262-Footb-1,HUBWEH-1000262-DLRNB-5|HUBWEH-1000262-DLRSB-11,False,
HUBWEH,West Ham,2|3,HUBWEH-Lift-6,6,Lift 6,HUBWEH-1000262-BookH-6,HUBWEH-1000262-RPL-3,False,
HUBWFJ,Watford Junction,Outside,HUBWFJ-Lift-1,1,Lift 1,HUBWFJ-1001317-Sub-70,HUBWFJ-1001317-RPL-D-4|HUBWFJ-1001317-RPL-A-2,False,
HUBWFJ,Watford Junction,Outside,HUBWFJ-Lift-2,2,Lift 2,HUBWFJ-1001317-Sub-70,HUBWFJ-1001317-RPLAM-8,False,
HUBWFJ,Watford Junction,Outside,HUBWFJ-Lift-3,3,Lift 3,HUBWFJ-1001317-Sub-70,HUBWFJ-1001317-RPLAS-9,False,
HUBWIJ,Willesden Junction,2|3,HUBWIJ-Lift-1,1,Lift 1,HUBWIJ-1000271-RLY-10,HUBWIJ-1000271-BakNB-3|HUBWIJ-1000271-RPL-L-4|HUBWIJ-1000271-BakSB-13,False,
HUBWIJ,Willesden Junction,2|3,HUBWIJ-Lift-2,2,Lift 2,HUBWIJ-1000271-Sub-7,HUBWIJ-1000271-RPL-H-6,False,
HUBWIM,Wimbledon,3|Trams fare zone,HUBWIM-Lift-1,1,Lift 1,HUBWIM-1000272-BookH-5,HUBWIM-1000272-Dis12-1|HUBWIM-1000272-Dis34-10,False,
HUBWIM,Wimbledon,3|Trams fare zone,HUBWIM-Lift-2,2,Lift 2,HUBWIM-1000272-BookH-5,HUBWIM-1000272-Tram-2|HUBWIM-1000272-RPL-S-7,False,
HUBWIM,Wimbledon,3|Trams fare zone,HUBWIM-Lift-3,3,Lift 3,HUBWIM-1000272-BookH-5,HUBWIM-1000272-RPLSB-6,False,
HUBWIM,Wimbledon,3|Trams fare zone,HUBWIM-Lift-4,4,Lift 4,HUBWIM-1000272-BookH-5,HUBWIM-1000272-RPLNB-8,False,
HUBWMB,Wembley Central,4,HUBWMB-Lift-1,1,Lift 1,HUBWMB-1000256-RLY-4,HUBWMB-1000256-UNB-3|HUBWMB-1000256-RPLDN-7,False,
HUBWMB,Wembley Central,4,HUBWMB-Lift-2,2,Lift 2,HUBWMB-1000256-RLY-4,HUBWMB-1000256-USB-9|HUBWMB-1000256-RPLDS-11,False,
HUBWMB,Wembley Central,4,HUBWMB-Lift-3,3,Lift 3,HUBWMB-1000256-RLY-4,HUBWMB-1000256-RPLAN-5,False,
HUBWMB,Wembley Central,4,HUBWMB-Lift-4,4,Lift 4,HUBWMB-1000256-RLY-4,HUBWMB-1000256-RPLAS-6,False,
HUBWSM,Westminster,1,HUBWSM-Lift-2,2,Lift 2,HUBWSM-1000266-BookH-4,HUBWSM-1000266-A-BRI-2,False,
HUBWSM,Westminster,1,HUBWSM-Lift-3,3,Lift 3,HUBWSM-1000266-BookH-4,HUBWSM-1000266-DisEB-3,False,
HUBWSM,Westminster,1,HUBWSM-Lift-4,4,Lift 4,HUBWSM-1000266-BookH-4,HUBWSM-1000266-DisWB-5,False,
HUBWSM,Westminster,1,HUBWSM-Lift-5,5,Lift 5,HUBWSM-1000266-DisWB-5,HUBWSM-1000266-JubWB-11,False,
HUBWWA,Woolwich Arsenal,4,HUBWWA-Lift 1,1,Lift B,HUBWWA-1001344-DLRB-6,HUBWWA-1001344-RPL-W-5,False,
HUBWWA,Woolwich Arsenal,4,HUBWWA-Lift-2,2,Lift C,HUBWWA-1003000-BED-2,HUBWWA-1003000-DLR-1,False,
HUBWWA,Woolwich Arsenal,4,HUBWWA-Lift-3,3,Lift A,HUBWWA-1003000-WOO-3,HUBWWA-1003000-DLR-1,False,
HUBZCW,Canada Water,2,HUBZCW-Lift-1,1,Lift 1,HUBZCW-1000037-RLY-5,HUBZCW-1000037-JubWB-10|HUBZCW-1000037-Jubil-1,False,
HUBZCW,Canada Water,2,HUBZCW-Lift-2,2,Lift 2,HUBZCW-1000037-RLY-5,HUBZCW-1000037-RPL-N-2,False,
HUBZCW,Canada Water,2,HUBZCW-Lift-4,4,Lift 4,HUBZCW-1000037-SURRE-4,HUBZCW-1000037-RLY-5,False,
HUBZFD,Farringdon,1,HUBZFD-Lift-1,1,Lift A,HUBZFD-1000080-NBK-12,HUBZFD-1000080-HamEB-1,False,
HUBZFD,Farringdon,1,HUBZFD-Lift-2,2,Lift B,HUBZFD-1000080-BookH-3,HUBZFD-1000080-HamWB-2,False,
HUBZFD,Farringdon,1,HUBZFD-Lift-3,3,Lift C1,HUBZFD-1000080-FBH-14,HUBZFD-1000080-WLL-17,False,
HUBZFD,Farringdon,1,HUBZFD-Lift-4,4,Lift C2,HUBZFD-1000080-FBH-14,HUBZFD-1000080-WLL-17,False,
HUBZFD,Farringdon,1,HUBZFD-Lift-5,5,Lift D,HUBZFD-1000080-FBH-14,HUBZFD-1000080-RPL N-5,False,
HUBZFD,Farringdon,1,HUBZFD-Lift-7,7,Lift F,HUBZFD-1000080-LLBH-20,HUBZFD-1000080-EUL-19,False,
HUBZFD,Farringdon,1,HUBZFD-Lift-6,8,Lift E,HUBZFD-1000080-EUL-19,HUBZFD-1000080-ELL-18,False,
HUBZFD,Farringdon,1,HUBZFD-Lift-8,9,Lift G,HUBZFD-1000080-EUL-19,HUBZFD-1000080-BWSLL-23,False,
HUBEAL,Ealing Broadway,3,HUBEAL-Lift-1,1,Lift A,HUBEAL-1000062-FBdg-12,HUBEAL-1000062-RPL1-8,False,
HUBEAL,Ealing Broadway,3,HUBEAL-Lift-2,2,Lift B,HUBEAL-1000062-FBdg-12,HUBEAL-1000062-RPL2-11,False,
HUBEAL,Ealing Broadway,3,HUBEAL-Lift-3,3,Lift D,HUBEAL-1000062-FBdg-12,HUBEAL-1000062-RPL3-14,False,
HUBEAL,Ealing Broadway,3,HUBEAL-Lift-4,4,Lift C,HUBEAL-1000062-FBdg-12,HUBEAL-1000062-RPL3-14,False,
HUBAMR,Amersham,9,HUBAMR-Lift-1,1,Lift 1,HUBAMR-1000006-MetSB-1,HUBAMR-1000006-Footb-5,False,
HUBAMR,Amersham,9,HUBAMR-Lift-2,2,Lift 2,HUBAMR-1000006-Footb-5,HUBAMR-1000006-MetNB-2|HUBAMR-1000006-RPL-6,False,
HUBZMG,Moorgate,1,HUBZMG-Lift-1,1,Lift B,HUBZMG-1000149-BookW-17,HUBZMG-1000149-MMLW-20,False,
HUBZMG,Moorgate,1,HUBZMG-Lift-4,4,Lift A,HUBZMG-1000149-BookW-17,HUBZMG-1000149-HamEB-2,False,
HUBZMG,Moorgate,1,HUBZMG-Lift-5,5,Lift C,HUBZMG-1000149-MLPW-21,HUBZMG-1000149-NorNB-8|HUBZMG-1000149-NorSB-9,False,
HUBZMG,Moorgate,1,HUBZMG-Lift-2,2,Lift D,HUBZMG-1000149-MMEL-24,HUBZMG-1000149-MMLE-23,False,
HUBZWL,Whitechapel,2,HUBZWL-Lift-2,2,Lift F,HUBZWL-1000268-LoCo-9,HUBZWL-1000268-EL EB-12|HUBZWL-1000268-EL WB-15,False,
HUBZWL,Whitechapel,2,HUBZWL-Lift-11,2,Lift H,HUBZWL-1000268-LoCo-9,HUBZWL-1000268-EL EB-12|HUBZWL-1000268-EL WB-15,False,
HUBZWL,Whitechapel,2,HUBZWL-Lift-3,3,Lift E,HUBZWL-1000268-LoCo-9,HUBZWL-1000268-RPL-N-4,False,
HUBZWL,Whitechapel,2,HUBZWL-Lift-4,4,Lift B,HUBZWL-1000268-TH-14,HUBZWL-1000268-LoCo-9,False,
HUBZWL,Whitechapel,2,HUBZWL-Lift-5,5,Lift C,HUBZWL-1000268-TH-14,HUBZWL-1000268-RPL-N-4,False,
HUBZWL,Whitechapel,2,HUBZWL-Lift-10,10,Lift D,HUBZWL-1000268-TH-14,HUBZWL-1000268-DisEB-2|HUBZWL-1000268-DisWB-3,False,
HUBZWL,Whitechapel,2,HUBZWL-Lift-6,6,Lift G,HUBZWL-1000268-DisEB-2|HUBZWL-1000268-DisWB-3,HUBZWL-1000268-RPL-S-5,False,
HUBZWL,Whitechapel,2,HUBZWL-Lift-7,7,Lift A,HUBZWL-1000268-A-WHI-6,HUBZWL-1000268-TH-14,False,
940GZZNEUGST,Nine Elms,1,940GZZNEUGST-Lift-1,1,Lift 1,940GZZNEUGST-1002196-BH-2,940GZZNEUGST-1002196-SB-4|940GZZNEUGST-1002196-NB-5,False,
940GZZBPSUST,Battersea Power Station,1,940GZZBPSUST-Lift-1,1,Lift A,940GZZBPSUST-1002195-EEnt-1,940GZZBPSUST-1002195-BH-2,False,
940GZZBPSUST,Battersea Power Station,1,940GZZBPSUST-Lift-2,2,Lift B,940GZZBPSUST-1002195-BH-2,940GZZBPSUST-1002195-Lan-3,False,
940GZZBPSUST,Battersea Power Station,1,940GZZBPSUST-Lift-3,3,Lift C,940GZZBPSUST-1002195-BH-2,940GZZBPSUST-1002195-Lan-3,False,
940GZZBPSUST,Battersea Power Station,1,940GZZBPSUST-Lift-4,4,Lift D,940GZZBPSUST-1002195-EBG-8,940GZZBPSUST-1002195-BH-2,False,
910GWOLWXR,Woolwich,4,910GWOLWXR-Lift-1,1,Lift 1 ,910GWOLWXR-1002162-BH-3,910GWOLWXR-1002162-EL EB-1|910GWOLWXR-1002162-EL WB-4,False,
HUBABW,Abbey Wood,4,HUBABW-Lift-1,1,Lift A,HUBABW-1001001-FELIX-6,HUBABW-1001001-HARRO-2,False,
HUBABW,Abbey Wood,4,HUBABW-Lift-2,2,Lift B,HUBABW-1001001-FELIX-6,HUBABW-1001001-HARRO-2,False,
HUBABW,Abbey Wood,4,HUBABW-Lift-3,3,Lift C,HUBABW-1001001-WILTO-1,HUBABW-1001001-HARRO-2,False,
HUBABW,Abbey Wood,4,HUBABW-Lift-4,4,Lift D,HUBABW-1001001-WILTO-1,HUBABW-1001001-HARRO-2,False,
HUBABW,Abbey Wood,4,HUBABW-Lift-6,6,Lift F,HUBABW-1001001-TH-11,HUBABW-1001001-RPLD-3|HUBABW-1001001-RPLC-7,False,
HUBABW,Abbey Wood,4,HUBABW-Lift-5,5,Lift E,HUBABW-1001001-TH-11,HUBABW-1001001-EL EB-8|HUBABW-1001001-EL WB-9,False,
940GZZLUBBN,Barbican,1,940GZZLUBBN-Lift-7,7,Lift F,940GZZLUBBN-1000014-LLBH-20,940GZZLUBBN-1000014-EUL-19,False,
940GZZLUBBN,Barbican,1,940GZZLUBBN-Lift-9,9,Lift G,940GZZLUBBN-1000014-EUL-19,940GZZLUBBN-1000014-BWSLL-23,False,
910GROMFORD,Romford,6,910GROMFORD-Lift-1 ,1,Lift A,910GROMFORD-1001243-EntM-3,910GROMFORD-1001243-RPL-5-6,False,
910GROMFORD,Romford,6,910GROMFORD-Lift-2 ,2,Lift B,910GROMFORD-1001243-EntM-3,910GROMFORD-1001243-RPL-3-5,False,
910GBARKRIV,Barking Riverside,4,910GBARKRIV-Lift-1,1,Lift 1 ,910GBARKRIV-1002272-RLY-5,910GBARKRIV-1002272-RPL-2-2|910GBARKRIV-1002272-RPL-1-4,False,
910GBARKRIV,Barking Riverside,4,910GBARKRIV-Lift-2,2,Lift 2,910GBARKRIV-1002272-RLY-5,910GBARKRIV-1002272-RPL-2-2|910GBARKRIV-1002272-RPL-1-4,False,
HUBBAL,Balham,3,910GBALHAM-Lift-1,1,Lift 1 ,HUBBAL-1000328-ENTBR-8,HUBBAL-1000328-RPL-7,False,
910GSTRETHM,Streatham,3,910GSTRETHM-Lift-1,1,Lift 1,910GSTRETHM-1001279-EntM-5,910GSTRETHM-1001279-RPL S-2,False,
910GSTRETHM,Streatham,3,910GSTRETHM-Lift-2,2,Lift 2,910GSTRETHM-1001279-EntM-5,910GSTRETHM-1001279-RPL N-3,False,
910GPETSWD,Petts Wood,5,910GPETSWD-Lift-1,1,Lift 1,910GPETSWD-1001226-EntrW-5,910GPETSWD-1001226-FBdg-6,False,
910GPETSWD,Petts Wood,5,910GPETSWD-Lift-2,2,Lift 2,910GPETSWD-1001226-RPL1-2,910GPETSWD-1001226-FBdg-6,False,
910GPETSWD,Petts Wood,5,910GPETSWD-Lift-3,3,Lift 3,910GPETSWD-1001226-RPL2-3,910GPETSWD-1001226-FBdg-6,False,
910GPETSWD,Petts Wood,5,910GPETSWD-Lift-4,4,Lift 4,910GPETSWD-1001226-EntrE-4,910GPETSWD-1001226-FBdg-6,False,
910GPLMS,Plumstead,4,910GPLMS-Lift-1,1,Lift 1,910GPLMS-1001227-Ent T-3,910GPLMS-1001227-RPL W-1,False,
910GPLMS,Plumstead,4,910GPLMS-Lift-2,2,Lift 2,910GPLMS-1001227-Ent P-5,910GPLMS-1001227-RPL E-2,False,
910GTOOTING,Tooting,3,910GTOOTING-Lift-1,1,Lift 1,910GTOOTING-1001296-RLY-6,910GTOOTING-1001296-RPL E-1,False,
910GTOOTING,Tooting,3,910GTOOTING-Lift-2,2,Lift 2,910GTOOTING-1001296-RLY-6,910GTOOTING-1001296-RPL W-2,False,
940GZZLUKNB,Knightsbridge,1,940GZZLUKNB-Lift-1,1,Lift A1,940GZZLUKNB-1000130-BookH-17,940GZZLUKNB-1000130-HLM-19,False,
940GZZLUKNB,Knightsbridge,1,940GZZLUKNB-Lift-2,2,Lift A2,940GZZLUKNB-1000130-BookH-17,940GZZLUKNB-1000130-HLM-19,False,
940GZZLUKNB,Knightsbridge,1,940GZZLUKNB-Lift-3,3,Lift B,940GZZLUKNB-1000130-PLM-18,940GZZLUKNB-1000130-PLL-16,False,
910GSHRTLND,Shortlands,4,910GSHRTLND-Lift-1,1,Lift 1,910GSHRTLND-1001248-RPL1-2,910GSHRTLND-1001248-OB-8,False,
910GSHRTLND,Shortlands,4,910GSHRTLND-Lift-2,2,Lift 2,910GSHRTLND-1001248-RPL2-3,910GSHRTLND-1001248-OB-8,False,
910GSHRTLND,Shortlands,4,910GSHRTLND-Lift-3,3,Lift 3,910GSHRTLND-1001248-EntCC-5,910GSHRTLND-1001248-OB-8,False,
HUBNWX,New Cross,2,HUBNWX-Lift-1,1,Lift 1,HUBNWX-1000155-Subwa-6,HUBNWX-1000155-RLY-4,False,
HUBNWX,New Cross,2,HUBNWX-Lift-2,2,Lift 2,HUBNWX-1000155-Subwa-6,HUBNWX-1000155-RPL N-5,False,
940GZZLUCND,Colindale,4,940GZZLUCND-Lift-1,1,Lift A,940GZZLUCND-1000054-BookH-4,940GZZLUCND-1000054-NorNB-3|940GZZLUCND-1000054-NorSB-6,False,
