StationUniqueId,Name,FareZones,Id,Type,IsAccessible,HasBabyChanging,IsInsideGateLine,Location,IsFeeCharged,IsManagedByTfL,RadarKey,OpensWithStation,ClosesWithStation
910GACTONML,Acton Main Line,3,1,Unisex,True,False,True,Located in ticket hall,False,True,,,
910GBHILLPK,Bush Hill Park,5,1,Male,False,False,True,,False,True,,,
910GBHILLPK,Bush Hill Park,5,2,Female,False,False,True,,False,True,,,
910GBHILLPK,Bush Hill Park,5,3,Unisex,True,True,True,,False,True,,,
910GBNHAM,Burnham,Outside,1,Male,False,False,True,Located on platform 2,False,True,,,
910GBNHAM,Burnham,Outside,2,Female,False,False,True,Located on platform 2,False,True,,,
910GBNHAM,Burnham,Outside,3,Unisex,True,True,True,Located on platform 2,False,True,,,
910GBRTWOOD,Brentwood,9,1,Male,False,False,True,"Located on platforms 2,3,4",False,True,,,
910GBRTWOOD,Brentwood,9,2,Female,False,True,True,"Located on platforms 2,3,4",False,True,,,
910GBRTWOOD,Brentwood,9,3,Unisex,True,False,True,"Located on platforms 2,3,4",False,True,,,
910GCHDWLHT,Chadwell Heath,5,1,Unisex,True,False,True,Located in ticket hall,False,True,,,
910GCHESHNT,Cheshunt,8,1,Male,False,False,False,Located in ticket hall,False,False,,,
910GCHESHNT,Cheshunt,8,2,Female,False,False,False,Located in ticket hall,False,False,,,
910GCHESHNT,Cheshunt,8,3,Unisex,True,False,False,Located in ticket hall,False,False,,,
910GCHINGFD,Chingford,5,1,Male,False,False,True,,False,True,,,
910GCHINGFD,Chingford,5,2,Female,False,False,True,,False,True,,,
910GCHINGFD,Chingford,5,3,Unisex,True,True,True,,False,True,,,
910GDALS,Dalston Junction,2,1,Unisex,True,False,True,,False,True,,,
910GDENMRKH,Denmark Hill,2,1,Unisex,True,False,True,Located behind ticket office,False,False,,,
910GENFLDTN,Enfield Town,5,1,Male,False,False,True,,False,True,,,
910GENFLDTN,Enfield Town,5,2,Female,False,False,True,,False,True,,,
910GENFLDTN,Enfield Town,5,3,Unisex,True,True,True,,False,True,,,
910GFRSTGT,Forest Gate,3,1,Unisex,True,False,False,Located in ticket hall,False,True,,,
910GGIDEAPK,Gidea Park,6,1,Male,False,False,True,Located on platforms 3 & 4,False,True,,,
910GGIDEAPK,Gidea Park,6,2,Female,False,False,True,Located on platforms 3 & 4,False,True,,,
910GGIDEAPK,Gidea Park,6,3,Unisex,True,False,True,Located on platforms 3 & 4,False,True,,,
910GGODMAYS,Goodmayes,4,1,Unisex,True,False,False,Located in ticket hall,False,True,,,
910GGOSPLOK,Gospel Oak,2,1,Male,False,False,True,,False,True,,,
910GGOSPLOK,Gospel Oak,2,2,Female,False,False,True,,False,True,,,
910GGOSPLOK,Gospel Oak,2,3,Unisex,True,True,True,,False,True,,,
910GHAGGERS,Haggerston,2,1,Unisex,True,False,True,,False,True,,,
910GHANWELL,Hanwell,4,1,Unisex,True,False,True,Located on platform 3,False,True,,,
910GHAYESAH,Hayes & Harlington,5,1,Unisex,True,False,True,Located on platform 4,False,True,,,
910GHAYESAH,Hayes & Harlington,5,2,Male,False,False,True,Located on platform 4,False,True,,,
910GHAYESAH,Hayes & Harlington,5,3,Female,False,False,True,Located on platform 4,False,True,,,
910GHOXTON,Hoxton,1|2,1,Unisex,True,False,True,,False,True,,,
910GHRLDWOD,Harold Wood,6,1,Male,False,False,True,Located on platform 3,False,True,,,
910GHRLDWOD,Harold Wood,6,2,Female,False,False,True,Located on platform 3,False,True,,,
910GHRLDWOD,Harold Wood,6,3,Unisex,True,False,True,Located on platform 3,False,True,,,
910GILFORD,Ilford,4,1,Male,False,False,True,Located on platform 3,False,True,,,
910GILFORD,Ilford,4,2,Female,False,False,True,Located on platform 3,False,True,,,
910GILFORD,Ilford,4,3,Unisex,True,False,True,Located on platform 4,False,True,,,
910GIVER,Iver,Outside,1,Unisex,True,False,True,,False,True,,,
910GLANGLEY,Langley,Outside,1,Male,False,False,False,Located outside station entrance,False,True,,,
910GLANGLEY,Langley,Outside,2,Female,False,False,False,Located outside station entrance,False,True,,,
910GLANGLEY,Langley,Outside,3,Unisex,True,False,False,Located outside station entrance,False,True,,,
910GMANRPK,Manor Park,3|4,1,Unisex,True,False,False,Located in ticket hall,False,True,,,
910GMRYLAND,Maryland,3,1,Unisex,True,False,True,Located in ticket hall,False,True,,,
910GMDNHEAD,Maidenhead,Outside,1,Male,False,False,True,Located on platform 4,False,True,,,
910GMDNHEAD,Maidenhead,Outside,2,Female,False,False,True,Located on platform 4,False,True,,,
910GMDNHEAD,Maidenhead,Outside,3,Unisex,True,False,True,Located on platform 4,False,True,,,
910GPENEW,Penge West,4,1,Male,False,False,True,,False,True,,,
910GPENEW,Penge West,4,2,Female,False,True,True,,False,True,,,
910GPENEW,Penge West,4,3,Unisex,True,False,True,,False,True,,,
910GRDNGSTN,Reading,Outside,1,Male,False,False,True,,False,True,,,
910GRDNGSTN,Reading,Outside,2,Female,False,False,True,,False,True,,,
910GRDNGSTN,Reading,Outside,3,Unisex,True,True,True,,False,True,,,
910GROMFORD,Romford,6,1,Male,False,False,True,Located on platform 4,False,True,,,
910GROMFORD,Romford,6,2,Female,False,False,True,Located on platform 4,False,True,,,
910GROMFORD,Romford,6,3,Unisex,True,False,True,Located on platform 4,False,True,,,
910GSHENFLD,Shenfield,Outside,1,Male,False,False,True,,False,True,,,
910GSHENFLD,Shenfield,Outside,2,Female,False,False,True,,False,True,,,
910GSHENFLD,Shenfield,Outside,3,Unisex,True,False,True,,False,True,,,
910GSHRDHST,Shoreditch High Street,1,1,Unisex,True,False,True,,False,True,,,
910GSLOUGH,Slough,Outside,1,Male,False,False,True,Located on platforms 1 & 5,False,True,,,
910GSLOUGH,Slough,Outside,2,Female,False,False,True,Located on platforms 1 & 5,False,True,,,
910GSLOUGH,Slough,Outside,3,Unisex,True,False,True,Located on platforms 1 & 5,False,True,,,
910GSTHALL,Southall,4,1,Male,False,False,True,Located in ticket hall,False,True,,,
910GSTHALL,Southall,4,2,Female,False,False,True,Located in ticket hall,False,True,,,
910GSTHALL,Southall,4,3,Unisex,True,True,True,Located in ticket hall,False,True,,,
910GSVNKNGS,Seven Kings,4,1,Unisex,True,False,True,Located on Footbridge,False,True,,,
910GTAPLOW,Taplow,Outside,1,Male,False,False,True,Located on platform 4,False,True,,,
910GTAPLOW,Taplow,Outside,2,Female,False,False,True,Located on platform 4,False,True,,,
910GTAPLOW,Taplow,Outside,3,Unisex,True,False,True,Located on platform 4,False,True,,,
910GTWYFORD,Twyford,Outside,1,Male,False,False,True,Located on platform 4,False,True,,,
910GTWYFORD,Twyford,Outside,2,Female,False,False,True,Located on platform 4,False,True,,,
910GTWYFORD,Twyford,Outside,3,Unisex,True,False,True,Located on platform 4,False,True,,,
910GWDRYTON,West Drayton,6,1,Male,False,False,True,Located on platform 4,False,True,,,
910GWDRYTON,West Drayton,6,2,Female,False,False,True,Located on platform 4,False,True,,,
910GWDRYTON,West Drayton,6,3,Unisex,True,False,True,Located on platform 4,False,True,,,
910GWEALING,West Ealing,3,1,Unisex,True,False,True,,False,True,,,
910GWHHRTLA,White Hart Lane,3,1,Unisex,True,False,True,,False,True,,,
910GWHHRTLA,White Hart Lane,3,2,Male,True,True,True,,False,True,,,
910GWHHRTLA,White Hart Lane,3,3,Female,True,True,True,,False,True,,,
910GWHMDSTD,West Hampstead,2,1,Male,False,False,False,,False,True,,,
910GWHMDSTD,West Hampstead,2,2,Female,False,False,True,,False,True,,,
910GWHMDSTD,West Hampstead,2,3,Unisex,True,True,True,,False,True,,,
940GZZDLSIT,Stratford International,2|3,1,Male,False,False,False,Located in National Rail station,False,False,,,
940GZZDLSIT,Stratford International,2|3,2,Female,False,True,False,Located in National Rail station,False,False,,,
940GZZDLSIT,Stratford International,2|3,3,Unisex,True,False,False,Located in National Rail station,False,False,,,
940GZZLUACT,Acton Town,3,1,Male,False,False,False,Located in ticket hall,False,True,,,
940GZZLUACT,Acton Town,3,2,Female,False,False,False,Located in ticket hall,False,True,,,
940GZZLUACT,Acton Town,3,3,Unisex,True,True,False,Located in ticket hall,False,True,,,
940GZZLUALP,Alperton,4,1,Male,False,False,True,Located in ticket hall,False,True,,,
940GZZLUALP,Alperton,4,2,Female,False,False,True,Located in ticket hall,False,True,,,
940GZZLUBEC,Becontree,5,1,Male,False,False,True,Located on platform 1,False,True,,,
940GZZLUBEC,Becontree,5,2,Female,False,True,True,Located on platform 1,False,True,,,
940GZZLUBKE,Barkingside,4,1,Male,False,False,True,Located on platform 2,False,True,,,
940GZZLUBKE,Barkingside,4,2,Female,False,True,True,Located on platform 1,False,True,,,
940GZZLUBKH,Buckhurst Hill,5,1,Male,False,False,True,Located on platform 2,False,True,,,
940GZZLUBKH,Buckhurst Hill,5,2,Female,False,False,True,Located on platform 2,False,True,,,
940GZZLUBOS,Boston Manor,4,1,Male,False,False,False,Located in ticket hall,False,True,,,
940GZZLUBOS,Boston Manor,4,2,Female,False,False,True,Located in ticket hall,False,True,,,
940GZZLUBSC,Barons Court,2,1,Male,False,False,True,Located in ticket hall,False,True,,,
940GZZLUBSC,Barons Court,2,2,Female,False,False,True,Located in ticket hall,False,True,,,
940GZZLUBST,Baker Street,1,1,Male,False,False,True,Located in corridor to platform 5,False,True,,,
940GZZLUBST,Baker Street,1,2,Female,False,True,False,Located in Metropolitan line ticket hall,False,True,,,
940GZZLUCKS,Cockfosters,5,1,Male,False,False,False,Located in ticket hall,False,True,,,
940GZZLUCKS,Cockfosters,5,2,Female,False,False,False,Located in ticket hall,False,True,,,
940GZZLUCPK,Canons Park,5,1,Male,False,False,True,Located in ticket hall,False,True,,,
940GZZLUCPK,Canons Park,5,2,Female,False,True,True,Located in ticket hall,False,True,,,
940GZZLUCPK,Canons Park,5,3,Unisex,True,False,True,Located in ticket hall,False,True,,,
940GZZLUCSM,Chesham,9,1,Male,False,False,True,Located on platform 1,False,True,,,
940GZZLUCSM,Chesham,9,2,Female,False,False,True,Located on platform 1,False,True,,,
940GZZLUCWL,Chigwell,4,1,Male,False,False,True,Located on platform 1,False,True,,,
940GZZLUCWL,Chigwell,4,2,Female,False,False,True,Located on platform 1,False,True,,,
940GZZLUCXY,Croxley,7,1,Male,False,False,True,Located on platforms 1 & 2,False,True,,,
940GZZLUCXY,Croxley,7,2,Female,False,False,False,Located in ticket hall,False,True,,,
940GZZLUDBN,Debden,6,1,Male,False,False,True,Located on platform 1,False,True,,,
940GZZLUDBN,Debden,6,2,Female,False,False,True,Located on platform 1,False,True,,,
940GZZLUDGE,Dagenham East,5,1,Male,False,False,True,Located on platform 1,False,True,,,
940GZZLUDGE,Dagenham East,5,2,Female,False,False,True,Located on platform 1,False,True,,,
940GZZLUDGY,Dagenham Heathway,5,1,Male,False,False,True,Located on platform,False,True,,,
940GZZLUDGY,Dagenham Heathway,5,2,Female,False,False,True,Located on platform,False,True,,,
940GZZLUDGY,Dagenham Heathway,5,3,Unisex,True,False,True,Located on platform,False,True,,,
940GZZLUDOH,Dollis Hill,3,1,Male,False,False,True,Located on platform,False,True,,,
940GZZLUDOH,Dollis Hill,3,2,Female,False,True,True,Located on platform,False,True,,,
940GZZLUDOH,Dollis Hill,3,3,Unisex,True,False,True,Located on platform,False,True,,,
940GZZLUECM,Ealing Common,3,1,Male,False,False,True,Located on platform 2,False,True,,,
940GZZLUECM,Ealing Common,3,2,Female,False,False,True,Located on platform 1,False,True,,,
940GZZLUEPG,Epping,6,1,Male,False,False,True,Located on platform 1,False,True,,,
940GZZLUEPG,Epping,6,2,Female,False,False,True,Located on platform 1,False,True,,,
940GZZLUEPG,Epping,6,3,Unisex,True,True,True,Located on platform 2,False,True,,,
940GZZLUEPK,Elm Park,6,1,Male,False,False,True,Located on platform 1,False,True,,,
940GZZLUEPK,Elm Park,6,2,Female,False,False,True,Located on platform 1,False,True,,,
940GZZLUEPK,Elm Park,6,3,Unisex,True,False,True,Located on platform 1,False,True,,,
940GZZLUFLP,Fairlop,4,1,Male,False,False,True,Located on platform 2,False,True,,,
940GZZLUFLP,Fairlop,4,2,Female,False,False,True,Located on platform 1,False,True,,,
940GZZLUFYC,Finchley Central,4,3,Unisex,True,False,True,Located on platform 3,False,True,,,
940GZZLUFYR,Finchley Road,2,1,Male,True,True,True,Located in ticket hall,False,True,,,
940GZZLUFYR,Finchley Road,2,2,Female,True,True,True,Located in ticket hall,False,True,,,
940GZZLUGGH,Grange Hill,4,1,Male,False,False,True,Located on platform 2,False,True,,,
940GZZLUGGH,Grange Hill,4,2,Female,False,False,True,Located on platform 2,False,True,,,
940GZZLUHBT,High Barnet,5,1,Male,False,False,True,Located on platform 1,False,True,,,
940GZZLUHBT,High Barnet,5,2,Female,False,False,True,Located on platform 1,False,True,,,
940GZZLUHBT,High Barnet,5,3,Unisex,True,False,True,Located on platform 1,False,True,,,
940GZZLUHCH,Hornchurch,6,1,Male,False,False,True,Located on platform 1,False,True,,,
940GZZLUHCH,Hornchurch,6,2,Female,False,False,True,Located on platform 1,False,True,,,
940GZZLUHCL,Hendon Central,3|4,1,Unisex,True,False,False,Located in ticket hall,False,True,,,
940GZZLUHGD,Hillingdon,6,1,Male,False,False,True,Located on platform 2,False,True,,,
940GZZLUHGD,Hillingdon,6,2,Female,False,False,True,Located on platform 2,False,True,,,
940GZZLUHGD,Hillingdon,6,3,Unisex,True,False,True,Located on platform 1,False,True,,,
940GZZLUHGR,Hanger Lane,3,1,Male,False,False,False,Located in ticket hall,False,True,,,
940GZZLUHGR,Hanger Lane,3,2,Female,False,False,False,Located in ticket hall,False,True,,,
940GZZLUHLT,Hainault,4,1,Unisex,True,False,False,Located in ticket hall,False,True,,,
940GZZLUHWC,Hounslow Central,4,1,Male,False,False,True,Located in ticket hall,False,True,,,
940GZZLUHWC,Hounslow Central,4,2,Female,False,False,True,Located in ticket hall,False,True,,,
940GZZLUHWE,Hounslow East,4,1,Unisex,True,True,True,Located in ticket hall,False,True,,,
940GZZLUKBN,Kilburn,2,1,Male,False,False,False,Located in ticket hall,False,True,,,
940GZZLUKBN,Kilburn,2,2,Female,False,False,False,Located in ticket hall,False,True,,,
940GZZLUKBN,Kilburn,2,3,Unisex,True,True,True,Located on platform,False,True,,,
940GZZLUKBY,Kingsbury,4,1,Male,False,False,True,Located in ticket hall,False,True,,,
940GZZLUKBY,Kingsbury,4,2,Female,False,False,True,Located in ticket hall,False,True,,,
940GZZLUKBY,Kingsbury,4,3,Unisex,True,True,True,Located in ticket hall,False,True,,,
940GZZLULGN,Loughton,6,1,Male,False,False,False,Located in ticket hall,False,True,,,
940GZZLULGN,Loughton,6,2,Female,False,False,False,Located in ticket hall,False,True,,,
940GZZLULYN,Leyton,3,1,Male,False,False,True,Located on platform 1,False,True,,,
940GZZLULYN,Leyton,3,2,Female,False,False,True,Located on platform 1,False,True,,,
940GZZLULYS,Leytonstone,3|4,1,Male,False,False,True,Located on platform 2,False,True,,,
940GZZLULYS,Leytonstone,3|4,2,Female,False,False,True,Located on platform 3,False,True,,,
940GZZLUMPK,Moor Park,6|7,1,Male,False,False,True,Located on platform 4,False,True,,,
940GZZLUMPK,Moor Park,6|7,2,Female,False,False,True,Located on platform 4,False,True,,,
940GZZLUNBP,Newbury Park,4,1,Male,False,False,True,Located on platform 1,False,True,,,
940GZZLUNBP,Newbury Park,4,2,Female,False,True,True,Located on platforms 1 & 2,False,True,,,
940GZZLUNEN,North Ealing,3,1,Male,False,False,True,Located in ticket hall,False,True,,,
940GZZLUNEN,North Ealing,3,2,Female,False,True,False,Located in ticket hall,False,True,,,
940GZZLUNFD,Northfields,3,1,Male,False,False,False,Located in ticket hall,False,True,,,
940GZZLUNFD,Northfields,3,2,Female,False,False,False,Located in ticket hall,False,True,,,
940GZZLUNGW,North Greenwich,2|3,1,Male,False,False,False,Located by bus station entrance,False,True,,,
940GZZLUNGW,North Greenwich,2|3,2,Female,False,False,False,Located by bus station entrance,False,True,,,
940GZZLUNGW,North Greenwich,2|3,3,Unisex,True,True,True,Baby changing is located separately and only available when the information kiosk in the bus station is open,False,True,,,
940GZZLUNHA,North Harrow,5,1,Male,False,False,True,Located in ticket hall,False,True,,,
940GZZLUNHA,North Harrow,5,2,Female,False,False,False,Located in ticket hall,False,True,,,
940GZZLUNHT,Northolt,5,1,Male,False,False,False,Located in ticket hall,False,True,,,
940GZZLUNHT,Northolt,5,2,Female,False,True,False,Located in ticket hall,False,True,,,
940GZZLUNKP,Northwick Park,4,1,Male,False,False,True,Located on platform,False,True,,,
940GZZLUNKP,Northwick Park,4,2,Female,False,False,True,Located on platform,False,True,,,
940GZZLUNOW,Northwood,6,1,Male,False,False,True,Located on platform 2,False,True,,,
940GZZLUNOW,Northwood,6,2,Female,False,False,True,Located on platform 2,False,True,,,
940GZZLUNWH,Northwood Hills,6,1,Male,False,False,True,Located on platform 2,False,True,,,
940GZZLUNWH,Northwood Hills,6,2,Female,False,False,True,Located in ticket hall,False,True,,,
940GZZLUOAK,Oakwood,5,1,Male,False,False,False,Located in ticket hall,False,True,,,
940GZZLUOAK,Oakwood,5,2,Female,False,False,False,Located in ticket hall,False,True,,,
940GZZLUOSY,Osterley,4,1,Male,False,False,False,Located in ticket hall,False,True,,,
940GZZLUOSY,Osterley,4,2,Female,False,False,False,Located in ticket hall,False,True,,,
940GZZLUPCC,Piccadilly Circus,1,1,Male,False,False,False,Located in ticket hall,True,False,,,
940GZZLUPCC,Piccadilly Circus,1,2,Female,False,False,False,Located in ticket hall,True,False,,,
940GZZLUPKR,Park Royal,3,1,Male,False,False,True,Located in ticket hall,False,True,,,
940GZZLUPKR,Park Royal,3,2,Female,False,True,True,Located in ticket hall,False,True,,,
940GZZLUPNR,Pinner,5,1,Male,False,False,True,Located on platform 1,False,True,,,
940GZZLUPNR,Pinner,5,2,Female,False,False,True,Located on platform 1,False,True,,,
940GZZLUPNR,Pinner,5,3,Unisex,True,False,True,Located on platform 1,False,True,,,
940GZZLUPRD,Preston Road,4,1,Male,False,False,True,Located on platform,False,True,,,
940GZZLUPRD,Preston Road,4,2,Female,False,False,True,Located on platform,False,True,,,
940GZZLUPVL,Perivale,4,1,Male,False,False,False,Located in ticket hall,False,True,,,
940GZZLUPVL,Perivale,4,2,Female,False,False,False,Located in ticket hall,False,True,,,
940GZZLUQBY,Queensbury,4,1,Male,False,False,False,Located in ticket hall,False,True,,,
940GZZLUQBY,Queensbury,4,2,Female,False,True,False,Located in ticket hall,False,True,,,
940GZZLUQBY,Queensbury,4,3,Unisex,True,False,False,Located in ticket hall,False,True,,,
940GZZLURBG,Redbridge,4,1,Male,False,False,False,Located in ticket hall,False,True,,,
940GZZLURBG,Redbridge,4,2,Female,False,False,False,Located in ticket hall,False,True,,,
940GZZLURSG,Ruislip Gardens,5,1,Unisex,True,False,False,Located in ticket hall,False,True,,,
940GZZLURSM,Ruislip Manor,6,1,Male,False,False,False,Located in ticket hall,False,True,,,
940GZZLURSM,Ruislip Manor,6,2,Female,False,False,False,Located in ticket hall,False,True,,,
940GZZLURSP,Ruislip,6,1,Male,False,False,True,Located on platform 2,False,True,,,
940GZZLURSP,Ruislip,6,2,Female,False,False,True,Located on platform 2,False,True,,,
940GZZLURVY,Roding Valley,4,1,Male,False,False,False,Located on platform 2,False,True,,,
940GZZLURVY,Roding Valley,4,2,Female,False,False,False,Located on platform 2,False,True,,,
940GZZLUSFB,Stamford Brook,2,1,Male,False,False,True,Located in ticket hall,False,True,,,
940GZZLUSFB,Stamford Brook,2,2,Female,False,False,True,Located in ticket hall,False,True,,,
940GZZLUSJW,St John's Wood,2,1,Male,False,False,False,Located in ticket hall,False,True,,,
940GZZLUSJW,St John's Wood,2,2,Female,False,False,False,Located in ticket hall,False,True,,,
940GZZLUSJW,St John's Wood,2,3,Unisex,True,True,False,Located in ticket hall,False,True,,,
940GZZLUSNB,Snaresbrook,4,1,Male,False,False,True,Located on platforms 1 & 2,False,True,,,
940GZZLUSNB,Snaresbrook,4,2,Female,False,False,True,Located on platform 1,False,True,,,
940GZZLUSTM,Stanmore,5,1,Male,False,False,True,Located on platform 1,False,True,,,
940GZZLUSTM,Stanmore,5,2,Female,False,False,True,Located on platform 1,False,True,,,
940GZZLUSTM,Stanmore,5,3,Unisex,True,False,True,Located on platform 1,False,True,,,
940GZZLUSUH,Sudbury Hill,4,1,Male,False,False,False,Located in ticket hall,False,True,,,
940GZZLUSUH,Sudbury Hill,4,2,Female,False,False,False,Located in ticket hall,False,True,,,
940GZZLUSUT,Sudbury Town,4,1,Male,False,False,True,Located on platform 2,False,True,,,
940GZZLUSUT,Sudbury Town,4,2,Female,False,False,True,Located on platform 2,False,True,,,
940GZZLUTAW,Totteridge & Whetstone,4,1,Male,False,False,True,Located on platform 1,False,True,,,
940GZZLUTAW,Totteridge & Whetstone,4,2,Female,False,False,True,Located on platform 2,False,True,,,
940GZZLUTHB,Theydon Bois,6,1,Male,False,False,True,Located on platform 2,False,True,,,
940GZZLUTHB,Theydon Bois,6,2,Female,False,False,False,Located in ticket hall,False,True,,,
940GZZLUUPB,Upminster Bridge,6,1,Male,False,False,True,Located on platform 1,False,True,,,
940GZZLUUPB,Upminster Bridge,6,2,Female,False,False,True,Located on platform 1,False,True,,,
940GZZLUUPY,Upney,4,1,Male,False,False,True,Located on platform,False,True,,,
940GZZLUUPY,Upney,4,2,Female,False,False,True,Located on platform,False,True,,,
940GZZLUUXB,Uxbridge,6,1,Male,False,False,False,Located in ticket hall,False,True,,,
940GZZLUUXB,Uxbridge,6,2,Female,False,False,False,Located in ticket hall,False,True,,,
940GZZLUUXB,Uxbridge,6,3,Unisex,True,True,False,Located in ticket hall,False,True,,,
940GZZLUWAF,Watford,7,1,Male,False,False,True,Located on platform,False,True,,,
940GZZLUWAF,Watford,7,2,Female,False,False,False,Located in ticket hall,False,True,,,
940GZZLUWCY,White City,2,1,Male,False,False,True,Located in ticket hall,False,True,,,
940GZZLUWCY,White City,2,2,Female,False,False,True,Located in ticket hall,False,True,,,
940GZZLUWFN,West Finchley,4,1,Male,False,True,True,Located on platform 1,False,True,,,
940GZZLUWFN,West Finchley,4,2,Female,False,True,True,Located on platform 1,False,True,,,
940GZZLUWHW,West Harrow,5,1,Male,False,False,False,Located in ticket hall,False,True,,,
940GZZLUWHW,West Harrow,5,2,Female,False,False,True,Located in ticket hall,False,True,,,
940GZZLUWHW,West Harrow,5,3,Unisex,True,True,True,Located in ticket hall,False,True,,,
940GZZLUWIG,Willesden Green,2|3,1,Female,False,False,False,Located in ticket hall,False,True,,,
940GZZLUWIG,Willesden Green,2|3,2,Unisex,True,False,False,Located in ticket hall,False,True,,,
940GZZLUWLA,Wood Lane,2,1,Unisex,True,True,True,Located in ticket hall,False,True,,,
940GZZLUWOF,Woodford,4,1,Male,False,False,True,Located on platform 2/3,False,True,,,
940GZZLUWOF,Woodford,4,2,Female,False,False,True,Located on platform 2,False,True,,,
940GZZLUWOP,Woodside Park,4,1,Male,False,False,True,Located on platform 2,False,True,,,
940GZZLUWOP,Woodside Park,4,2,Female,False,False,True,Located on platform 2,False,True,,,
940GZZLUWTA,West Acton,3,1,Male,False,False,False,Located in ticket hall,False,True,,,
940GZZLUWTA,West Acton,3,2,Female,False,False,False,Located in ticket hall,False,True,,,
940GZZLUWYP,Wembley Park,4,1,Male,False,True,True,Located on platform 2,False,True,,,
940GZZLUWYP,Wembley Park,4,2,Female,False,True,True,Located on platform 1,False,True,,,
940GZZLUWYP,Wembley Park,4,3,Unisex,True,False,True,Located on platform 1,False,True,,,
HUBABW,Abbey Wood,4,1,Male,False,False,True,Located in ticket hall,False,True,,,
HUBABW,Abbey Wood,4,2,Female,False,False,True,Located in ticket hall,False,True,,,
HUBABW,Abbey Wood,4,3,Unisex,True,False,True,Located in ticket hall,False,True,,,
HUBAMR,Amersham,9,1,Male,False,False,True,Located on platform 1/2,False,True,,,
HUBAMR,Amersham,9,2,Female,False,False,True,Located on platform 3,False,True,,,
HUBBAN,Bank,1,1,Unisex,True,False,True,Located at Cannon Street ticket hall,False,True,,,
HUBBEK,Beckenham Junction,4|Trams fare zone,1,Male,False,False,False,Located in National Rail station,False,False,,,
HUBBEK,Beckenham Junction,4|Trams fare zone,2,Female,False,False,False,Located in National Rail station,False,False,,,
HUBBEK,Beckenham Junction,4|Trams fare zone,3,Unisex,True,False,False,Located in National Rail station,False,False,,,
HUBBFR,Blackfriars,1,1,Male,False,False,False,Located in National Rail station,True,False,,,
HUBBFR,Blackfriars,1,2,Female,False,True,False,Located in National Rail station,True,False,,,
HUBBFR,Blackfriars,1,3,Unisex,True,False,False,Located in National Rail station,True,False,,,
HUBBKG,Barking,4,1,Male,False,False,True,"Located in walkway, inside gateline",False,False,,,
HUBBKG,Barking,4,2,Female,False,True,True,"Located in walkway, inside gateline",False,False,,,
HUBBKG,Barking,4,3,Unisex,True,False,True,"Located in walkway, inside gateline",False,False,,,
HUBCAW,Canary Wharf,2,1,Male,False,False,False,Located in ticket hall,False,True,,,
HUBCAW,Canary Wharf,2,2,Female,False,False,False,Located in ticket hall,False,True,,,
HUBCAW,Canary Wharf,2,3,Unisex,True,False,False,Located in ticket hall,False,True,,,
HUBCFO,Chalfont & Latimer,8,1,Male,False,False,True,Located on platform 1,False,True,,,
HUBCFO,Chalfont & Latimer,8,2,Female,False,False,True,Located on platform 1,False,True,,,
HUBCHX,Charing Cross,1,1,Male,False,False,False,Located in National Rail station,False,False,,,
HUBCHX,Charing Cross,1,2,Female,False,False,False,Located in National Rail station,False,False,,,
HUBCHX,Charing Cross,1,3,Unisex,True,True,False,Located in National Rail station,False,False,,,
HUBCLJ,Clapham Junction,2,1,Male,False,False,True,Located in Brighton Yard ticket hall,False,False,,,
HUBCLJ,Clapham Junction,2,2,Female,False,True,True,Located in Brighton Yard ticket hall,False,False,,,
HUBCLJ,Clapham Junction,2,3,Unisex,True,False,True,Located in Brighton Yard ticket hall,False,False,,,
HUBCLW,Chorleywood,7,1,Male,False,False,True,Located on platform 2,False,True,,,
HUBCLW,Chorleywood,7,2,Female,False,False,True,Located on platform 2,False,True,,,
HUBCST,Cannon Street,1,1,Male,False,False,False,Located in National Rail station,False,False,,,
HUBCST,Cannon Street,1,2,Female,False,True,False,Located in National Rail station,False,False,,,
HUBCST,Cannon Street,1,3,Unisex,True,False,False,Located in National Rail station,False,False,,,
HUBCUS,Custom House for ExCel,3,1,Unisex,True,True,True,,False,True,,,
HUBCYP,Crystal Palace,3|4,1,Male,False,False,True,,False,True,,,
HUBCYP,Crystal Palace,3|4,2,Female,False,True,True,,False,True,,,
HUBCYP,Crystal Palace,3|4,3,Unisex,True,False,True,,False,True,,,
HUBEAL,Ealing Broadway,3,1,Male,False,False,True,,False,False,,,
HUBEAL,Ealing Broadway,3,2,Female,False,True,True,,False,False,,,
HUBEAL,Ealing Broadway,3,3,Unisex,True,False,True,Changing Places available,False,False,,,
HUBELM,Elmers End,4|Trams fare zone,1,Male,False,False,False,Located in National Rail station,False,False,,,
HUBEUS,Euston,1,1,Male,False,False,False,Located in National Rail station,False,False,,,
HUBEUS,Euston,1,2,Female,False,True,False,Located in National Rail station. Baby changing is standalone area,False,False,,,
HUBEUS,Euston,1,3,Unisex,True,False,False,Located in National Rail station,False,False,,,
HUBH13,Heathrow Terminals 2 & 3,6,1,Male,False,False,False,Located at street level,False,False,,,
HUBH13,Heathrow Terminals 2 & 3,6,2,Female,False,True,False,Located at street level. Baby changing is standalone area,False,False,,,
HUBH13,Heathrow Terminals 2 & 3,6,3,Unisex,True,False,False,Located at street level,False,False,,,
HUBHOH,Harrow-on-the-Hill,5,1,Male,False,False,False,Located in ticket hall,False,True,,,
HUBHOH,Harrow-on-the-Hill,5,2,Female,False,True,False,Located in ticket hall,False,True,,,
HUBHX4,Heathrow Terminal 4,6,1,Male,False,False,False,Located in airport,False,False,,,
HUBHX4,Heathrow Terminal 4,6,2,Female,False,False,False,Located in airport,False,False,,,
HUBHX4,Heathrow Terminal 4,6,3,Unisex,True,False,False,Located in airport,False,False,,,
HUBHX5,Heathrow Terminal 5,6,1,Male,False,False,True,Located on lower concourse,False,False,,,
HUBHX5,Heathrow Terminal 5,6,2,Female,False,True,True,Located on lower concourse,False,False,,,
HUBHX5,Heathrow Terminal 5,6,3,Unisex,True,False,True,Located on lower concourse,False,False,,,
HUBKGX,King's Cross St Pancras,1,1,Male,False,True,False,Located in King's Cross National Rail station,False,False,,,
HUBKGX,King's Cross St Pancras,1,2,Female,False,True,False,Located in King's Cross National Rail station,False,False,,,
HUBKGX,King's Cross St Pancras,1,3,Unisex,True,True,False,Located in King's Cross National Rail station. Changing Places and standalone baby changing area available.,False,False,,,
HUBKPA,Kensington (Olympia),2,1,Male,False,False,True,,False,True,,,
HUBKPA,Kensington (Olympia),2,2,Female,False,True,True,,False,True,,,
HUBKPA,Kensington (Olympia),2,3,Unisex,True,False,True,,False,True,,,
HUBKWG,Kew Gardens,3|4,1,Male,False,False,True,Located in Eastbound ticket hall,False,True,,,
HUBKWG,Kew Gardens,3|4,2,Female,False,False,True,Located in Eastbound ticket hall,False,True,,,
HUBLBG,London Bridge,1,1,Male,False,True,False,Located in National Rail station,False,False,,,
HUBLBG,London Bridge,1,2,Female,False,True,False,Located in National Rail station,False,False,,,
HUBLBG,London Bridge,1,3,Unisex,True,True,False,Located in National Rail station,False,False,,,
HUBLEW,Lewisham,2|3,1,Male,False,False,False,Located in National Rail station,False,False,,,
HUBLEW,Lewisham,2|3,2,Female,False,False,False,Located in National Rail station,False,False,,,
HUBLEW,Lewisham,2|3,3,Unisex,True,False,False,Located in National Rail station,False,False,,,
HUBLST,Liverpool Street,1,1,Male,False,False,False,Located in National Rail station,False,False,,,
HUBLST,Liverpool Street,1,2,Female,False,False,False,Located in National Rail station,False,False,,,
HUBLST,Liverpool Street,1,3,Unisex,True,True,False,Located in National Rail station,False,False,,,
HUBMJT,Mitcham Junction,4|Trams fare zone,1,Unisex,True,False,False,Located in National Rail station,False,False,,,
HUBMYB,Marylebone,1,1,Male,False,False,False,Located in National Rail station,False,False,,,
HUBMYB,Marylebone,1,2,Female,False,False,False,Located in National Rail station,False,False,,,
HUBMYB,Marylebone,1,3,Unisex,True,True,False,Located in National Rail station. Baby changing is standalone area,False,False,,,
HUBNWD,Norwood Junction,4,1,Male,False,False,True,,False,True,,,
HUBNWD,Norwood Junction,4,2,Female,False,True,True,,False,True,,,
HUBNWD,Norwood Junction,4,3,Unisex,True,False,True,,False,True,,,
HUBNWX,New Cross,2,1,Male,False,False,True,Located on platform C,False,False,,,
HUBNWX,New Cross,2,2,Female,False,False,True,Located on platform C,False,False,,,
HUBNWX,New Cross,2,3,Unisex,True,False,True,Located on platform C,False,False,,,
HUBPAD,Paddington,1,1,Male,False,False,False,Located in National Rail station,False,False,,,
HUBPAD,Paddington,1,2,Female,False,True,False,Located in National Rail station,False,False,,,
HUBPAD,Paddington,1,3,Unisex,True,False,False,Located in National Rail station. Baby changing is standalone area and Changing Places toilet available.,False,False,,,
HUBRIC,Rickmansworth,7,1,Male,False,False,True,Located on platform 2,False,True,,,
HUBRIC,Rickmansworth,7,2,Female,False,False,True,Located on platform 2,False,True,,,
HUBRMD,Richmond,4,1,Male,False,False,False,Located on lower concourse,True,False,,,
HUBRMD,Richmond,4,2,Female,False,False,False,Located on lower concourse,True,False,,,
HUBRMD,Richmond,4,3,Unisex,True,True,False,Located on lower concourse,True,False,,,
HUBSRA,Stratford,2|3,1,Male,False,False,True,"Located in Southern ticket hall, paid side",False,True,,,
HUBSRA,Stratford,2|3,2,Female,False,False,True,"Located in Southern ticket hall, paid side",False,True,,,
HUBSRA,Stratford,2|3,3,Unisex,True,True,True,"Located in Southern ticket hall, paid side. Baby changing standalone area",False,True,,,
HUBSRA,Stratford,2|3,4,Unisex,True,False,True,Adjacent to DLR platform 16.,False,True,,,
HUBSRU,South Ruislip,5,1,Unisex,True,False,True,Located in ticket hall,False,True,,,
HUBSVS,Seven Sisters,3,1,Male,False,False,True,Located on National Rail platform 2,False,True,,,
HUBSVS,Seven Sisters,3,2,Female,False,False,True,Located on National Rail platform 2,False,True,,,
HUBSVS,Seven Sisters,3,3,Unisex,True,True,True,,False,True,,,
HUBTCR,Tottenham Court Road,1,1,Unisex,True,False,False,Located in ticket hall,False,True,,,
HUBTOM,Tottenham Hale,3,1,Male,False,False,False,Located on platform 2,False,False,,,
HUBTOM,Tottenham Hale,3,2,Female,False,False,False,Located on platform 2,False,False,,,
HUBTOM,Tottenham Hale,3,3,Unisex,True,False,False,,True,True,,,
HUBUPM,Upminster,6,1,Male,False,False,True,Located on platform 1,False,False,,,
HUBUPM,Upminster,6,2,Female,False,False,True,Located on platform 1,False,False,,,
HUBUPM,Upminster,6,3,Unisex,True,False,True,Located on platform 1,False,False,,,
HUBVIC,Victoria,1,1,Male,False,False,True,Located in National Rail station,False,False,,,
HUBVIC,Victoria,1,2,Female,False,False,True,Located in National Rail station,False,False,,,
HUBVIC,Victoria,1,3,Unisex,True,False,True,Located in National Rail station,False,False,,,
HUBVIC,Victoria,1,4,Male,False,True,True,Located in North ticket hall,False,False,,,
HUBVIC,Victoria,1,5,Female,False,True,True,Located in North ticket hall,False,False,,,
HUBVIC,Victoria,1,6,Unisex,True,False,True,Located in North ticket hall,False,False,,,
HUBVXH,Vauxhall,1|2,1,Male,False,False,False,Located in bus station,False,True,,,
HUBVXH,Vauxhall,1|2,2,Female,False,False,False,Located in bus station,False,True,,,
HUBWAT,Waterloo,1,1,Male,False,False,False,Located in National Rail station,False,False,,,
HUBWAT,Waterloo,1,2,Female,False,True,False,Located in National Rail station,False,False,,,
HUBWAT,Waterloo,1,3,Unisex,True,False,False,Located in National Rail station,False,False,,,
HUBWFJ,Watford Junction,Outside,1,Male,False,False,True,Located in waiting area on platform 6,False,False,,,
HUBWFJ,Watford Junction,Outside,3,Female,False,True,True,Located in waiting area on platform 6,False,False,,,
HUBWFJ,Watford Junction,Outside,4,Unisex,True,False,False,Located in ticket hall,False,False,,,
HUBWIJ,Willesden Junction,2|3,1,Male,False,False,True,Located on platform 3,False,True,,,
HUBWIJ,Willesden Junction,2|3,2,Female,False,True,True,Located on platform 3,False,True,,,
HUBWIJ,Willesden Junction,2|3,3,Unisex,True,False,True,Located on platform 3,False,True,,,
HUBWIM,Wimbledon,3|Trams fare zone,1,Male,False,False,True,Located in National Rail station,False,False,,,
HUBWIM,Wimbledon,3|Trams fare zone,2,Female,False,False,True,Located in National Rail station,False,False,,,
HUBWIM,Wimbledon,3|Trams fare zone,3,Unisex,True,True,True,Located in National Rail station,False,False,,,
HUBWMB,Wembley Central,4,1,Male,False,False,True,Located in ticket hall,False,True,,,
HUBWMB,Wembley Central,4,2,Female,False,False,True,Located in ticket hall,False,True,,,
HUBWMB,Wembley Central,4,3,Unisex,True,False,True,Located in ticket hall,False,True,,,
HUBWRU,West Ruislip,6,1,Male,False,False,False,Located in ticket hall,False,True,,,
HUBWRU,West Ruislip,6,2,Female ,False,False,False,Located in ticket hall,False,True,,,
HUBWSM,Westminster,1,1,Male,False,False,False,Located in public subway,True,False,,,
HUBWSM,Westminster,1,2,Female,False,False,False,Located in public subway,True,False,,,
HUBZFD,Farringdon,1,1,Unisex,True,True,True,Located on National Rail platform 4,False,True,,,
HUBZFD,Farringdon,1,2,Male,False,False,True,Located on National Rail platform 4,False,True,,,
HUBZFD,Farringdon,1,3,Female,False,False,True,Located on National Rail platform 4,False,True,,,
HUBZFD,Farringdon,1,4,Unisex,True,False,True,Located in Cowcross Street ticket hall,False,True,,,
HUBZWL,Whitechapel,2,1,Unisex,True,True,True,,False,True,,,
940GZZNEUGST,Nine Elms,1,1,Unisex,True,True,True,Located in ticket hall,False,True,,,
940GZZBPSUST,Battersea Power Station,1,1,Unisex,True,True,True,Located in ticket hall,False,True,,,
910GBARKRIV,Barking Riverside,4,1,Unisex,True,True,True,,False,True,,,
910GCLAPTON,Clapton,2|3,1,Unisex,True,True,True,,False,True,,,
940GZZLUMDN,Morden,4,1,Unisex,True,True,True,,False,True,,,
940GZZLUMDN,Morden,4,2,Unisex,False,True,True,,False,True,,,
940GZZALGWP,Greenwich Peninsula,Outside,1,Male,False,False,True,,False,True,,,
940GZZALGWP,Greenwich Peninsula,Outside,2,Female,False,False,True,,False,True,,,
940GZZALGWP,Greenwich Peninsula,Outside,3,Unisex,True,True,False,,False,True,,,
940GZZLUGPK,Green Park,1,1,Male,False,False,False,,True,False,,,
940GZZLUGPK,Green Park,1,2,Female,False,False,False,,True,False,,,
